,IMG_ID,LOC
0,4224177264.jpg,
1,81243447.jpg,
2,5445521757.jpg,
3,2735803433.jpg,
4,5110105790.jpg,
5,5849417254.jpg,
6,3576577783.jpg,
7,8686944201.jpg,
8,4888237854.jpg,
9,8404261390.jpg,
10,7533226672.jpg,
11,3395853967.jpg,
12,5150531640.jpg,
13,10884555755.jpg,
14,8731220235.jpg,
15,261415588.jpg,
16,3979620341.jpg,
17,8813772667.jpg,
18,4018000706.jpg,
19,4155598182.jpg,
20,2644738217.jpg,
21,3896757920.jpg,
22,13782018355.jpg,
23,226389285.jpg,
24,5422513826.jpg,
25,5683817619.jpg,
26,6171168508.jpg,
27,7801177098.jpg,
28,9486825424.jpg,
29,4852844163.jpg,
30,4272656756.jpg,
31,10853483214.jpg,
32,8570777199.jpg,
33,3168125362.jpg,
34,5562836806.jpg,
35,4243787770.jpg,
36,9818093414.jpg,
37,6940752168.jpg,
38,2534706676.jpg,
39,4453499249.jpg,
40,4206140172.jpg,
41,5188747577.jpg,
42,2229568558.jpg,
43,2804138764.jpg,
44,5177710552.jpg,
45,8925431030.jpg,
46,9092140278.jpg,
47,6132479693.jpg,
48,5594536147.jpg,
49,5318990866.jpg,
50,3171871006.jpg,
51,8086429228.jpg,
52,5457415350.jpg,
53,4128397065.jpg,
54,4796383105.jpg,
55,2519150959.jpg,
56,5613484041.jpg,
57,5660878634.jpg,
58,6072898381.jpg,
59,7600129598.jpg,
60,3045266993.jpg,
61,2465277674.jpg,
62,5313080176.jpg,
63,9357430341.jpg,
64,8648162190.jpg,
65,4568371092.jpg,
66,2240060778.jpg,
67,8706188357.jpg,
68,2378355677.jpg,
69,2954718055.jpg,
70,4088653379.jpg,
71,1329847183.jpg,
72,8228418871.jpg,
73,5108627124.jpg,
74,12814375283.jpg,
75,9530494767.jpg,
76,2597731920.jpg,
77,9390213496.jpg,
78,4461533010.jpg,
79,7172818339.jpg,
80,4014709525.jpg,
81,7614474326.jpg,
82,5180107310.jpg,
83,5571795252.jpg,
84,5067953138.jpg,
85,5538132703.jpg,
86,11112851676.jpg,
87,6977765382.jpg,
88,7879388060.jpg,
89,5194195712.jpg,
90,13282462384.jpg,
91,334651114.jpg,
92,6145125720.jpg,
93,2039507515.jpg,
94,10008921046.jpg,
95,3839253188.jpg,
96,5909505657.jpg,
97,6933598073.jpg,
98,3198582217.jpg,
99,6275033842.jpg,
100,8573986820.jpg,
101,4817992741.jpg,
102,3274857283.jpg,
103,4986147822.jpg,
104,6421007911.jpg,
105,5277194081.jpg,
106,3766115960.jpg,
107,3507638766.jpg,
108,7061995765.jpg,
109,4279136766.jpg,
110,4691119089.jpg,
111,3584263202.jpg,
112,4030681603.jpg,
113,1360572212.jpg,
114,2513433317.jpg,
115,4787983479.jpg,
116,5625491684.jpg,
117,420704284.jpg,
118,9452765112.jpg,
119,3756885040.jpg,
120,7379098410.jpg,
121,2545746901.jpg,
122,8161081550.jpg,
123,5870749285.jpg,
124,8806890111.jpg,
125,8040367837.jpg,
126,10821622644.jpg,
127,4760995689.jpg,
128,2661710482.jpg,
129,6969659030.jpg,
130,8399517776.jpg,
131,8653576742.jpg,
132,8737407171.jpg,
133,5577601568.jpg,
134,3844614093.jpg,
135,3962384052.jpg,
136,2023445895.jpg,
137,7208300664.jpg,
138,4636587278.jpg,
139,3872793902.jpg,
140,11486258096.jpg,
141,7600198540.jpg,
142,8309889621.jpg,
143,3496580235.jpg,
144,5574398835.jpg,
145,12138201714.jpg,
146,6256072732.jpg,
147,8921816651.jpg,
148,4294343789.jpg,
149,3724981820.jpg,
150,8208932904.jpg,
151,6127226794.jpg,
152,2853461337.jpg,
153,2924316558.jpg,
154,3913728994.jpg,
155,6082083236.jpg,
156,4401492575.jpg,
157,5607345876.jpg,
158,10293269073.jpg,
159,5868187063.jpg,
160,7435411366.jpg,
161,5976786488.jpg,
162,4056825990.jpg,
163,6032762264.jpg,
164,8601885748.jpg,
165,83920770.jpg,
166,8568316875.jpg,
167,3074118057.jpg,
168,8315954470.jpg,
169,2753977988.jpg,
170,4479874957.jpg,
171,5243256870.jpg,
172,10537366026.jpg,
173,6134905499.jpg,
174,6002559536.jpg,
175,4778350400.jpg,
176,2497626176.jpg,
177,7981362691.jpg,
178,4256363529.jpg,
179,3691313284.jpg,
180,11257553013.jpg,
181,9935785396.jpg,
182,4775084167.jpg,
183,4139865201.jpg,
184,4322845952.jpg,
185,9875667923.jpg,
186,6329517843.jpg,
187,7219678730.jpg,
188,5433608644.jpg,
189,9479232219.jpg,
190,2047401653.jpg,
191,8060395750.jpg,
192,5678015628.jpg,
193,8603260545.jpg,
194,2050631495.jpg,
195,11870147393.jpg,
196,5116259938.jpg,
197,4880372849.jpg,
198,11871954684.jpg,
199,577802786.jpg,
200,3663751470.jpg,
201,5772750244.jpg,
202,3674595737.jpg,
203,2709567989.jpg,
204,7985086892.jpg,
205,8745979995.jpg,
206,2621264573.jpg,
207,350806802.jpg,
208,5211068814.jpg,
209,4464845529.jpg,
210,5822431276.jpg,
211,6013340353.jpg,
212,5919695087.jpg,
213,8232107945.jpg,
214,5995831206.jpg,
215,7291335624.jpg,
216,6095013836.jpg,
217,8214292767.jpg,
218,2705141703.jpg,
219,6931196599.jpg,
220,3257193167.jpg,
221,2754768635.jpg,
222,5680580126.jpg,
223,5739672507.jpg,
224,2626589388.jpg,
225,6263503498.jpg,
226,5484482393.jpg,
227,1537967109.jpg,
228,8699455025.jpg,
229,8582240324.jpg,
230,6437756833.jpg,
231,3580965621.jpg,
232,1027698036.jpg,
233,4629292239.jpg,
234,491480142.jpg,
235,9284634892.jpg,
236,3801171812.jpg,
237,2643824068.jpg,
238,5111226965.jpg,
239,5720589120.jpg,
240,8181436061.jpg,
241,3958645297.jpg,
242,7306241476.jpg,
243,5342958304.jpg,
244,4800937451.jpg,
245,5899718730.jpg,
246,6848081861.jpg,
247,5410885852.jpg,
248,3267500509.jpg,
249,2845217898.jpg,
250,6722234909.jpg,
251,4556029047.jpg,
252,9422881576.jpg,
253,2810760423.jpg,
254,11144289745.jpg,
255,10411118775.jpg,
256,3484920747.jpg,
257,6423810853.jpg,
258,5573741280.jpg,
259,7442728616.jpg,
260,5509836613.jpg,
261,6443730767.jpg,
262,7165555849.jpg,
263,3878269579.jpg,
264,5252259386.jpg,
265,3905584273.jpg,
266,3735264122.jpg,
267,1552235258.jpg,
268,5503367558.jpg,
269,7977417972.jpg,
270,6196578631.jpg,
271,6321778773.jpg,
272,9580401173.jpg,
273,3436283926.jpg,
274,6981036294.jpg,
275,5567374184.jpg,
276,8843277856.jpg,
277,8561960580.jpg,
278,2056312069.jpg,
279,5028185114.jpg,
280,8244630730.jpg,
281,7624514554.jpg,
282,7570415532.jpg,
283,3943096956.jpg,
284,5150370478.jpg,
285,7286171822.jpg,
286,3607303173.jpg,
287,4106927081.jpg,
288,6992099571.jpg,
289,7507214662.jpg,
290,9467614500.jpg,
291,8827971702.jpg,
292,6901130391.jpg,
293,7197439192.jpg,
294,7592340524.jpg,
295,2622312389.jpg,
296,9530089105.jpg,
297,4566202935.jpg,
298,4324437747.jpg,
299,3052495242.jpg,
300,1860237050.jpg,
301,3061036081.jpg,
302,8675112451.jpg,
303,9245117173.jpg,
304,1677155939.jpg,
305,5075499479.jpg,
306,2879992180.jpg,
307,5997803183.jpg,
308,7941867022.jpg,
309,3379242967.jpg,
310,13323755075.jpg,
311,1732276605.jpg,
312,4832090815.jpg,
313,8431314679.jpg,
314,4759384524.jpg,
315,3449964157.jpg,
316,3015430368.jpg,
317,4966326926.jpg,
318,3170311544.jpg,
319,3210449646.jpg,
320,5764309756.jpg,
321,5761884318.jpg,
322,3144585108.jpg,
323,8656367626.jpg,
324,6199248662.jpg,
325,3571256798.jpg,
326,8426713060.jpg,
327,6276252638.jpg,
328,6260887657.jpg,
329,8074800372.jpg,
330,6112962920.jpg,
331,408996966.jpg,
332,8564924905.jpg,
333,3583987335.jpg,
334,4233738131.jpg,
335,5234516.jpg,
336,6142184758.jpg,
337,6295982812.jpg,
338,5239137373.jpg,
339,8142948806.jpg,
340,3944029118.jpg,
341,5034153774.jpg,
342,11002978346.jpg,
343,5130272847.jpg,
344,6030943341.jpg,
345,2817605008.jpg,
346,1339230993.jpg,
347,5283480635.jpg,
348,3788097225.jpg,
349,8860628707.jpg,
350,6890412001.jpg,
351,4113842097.jpg,
352,2815484248.jpg,
353,8619687530.jpg,
354,6918891685.jpg,
355,9118378784.jpg,
356,5178482008.jpg,
357,4859807920.jpg,
358,4882620567.jpg,
359,2154647463.jpg,
360,11582176714.jpg,
361,6480504033.jpg,
362,5620478360.jpg,
363,10785585824.jpg,
364,5869846815.jpg,
365,6775033065.jpg,
366,3675226314.jpg,
367,6985438140.jpg,
368,4494878768.jpg,
369,4805272261.jpg,
370,3497462399.jpg,
371,13137609893.jpg,
372,14015276623.jpg,
373,3612103553.jpg,
374,9695049517.jpg,
375,8459830522.jpg,
376,3495571761.jpg,
377,8403819529.jpg,
378,4729538959.jpg,
379,3927742278.jpg,
380,5696916163.jpg,
381,4906188924.jpg,
382,6791526205.jpg,
383,4257858293.jpg,
384,4470682109.jpg,
385,4406031067.jpg,
386,5393270358.jpg,
387,5529098527.jpg,
388,2224663927.jpg,
389,8766057265.jpg,
390,4380066734.jpg,
391,4994340667.jpg,
392,4612929711.jpg,
393,602778760.jpg,
394,3807119215.jpg,
395,5186142072.jpg,
396,7147530837.jpg,
397,9795977174.jpg,
398,6058993749.jpg,
399,9109201923.jpg,
400,5590333357.jpg,
401,4281591620.jpg,
402,5686867319.jpg,
403,5602061140.jpg,
404,8512110918.jpg,
405,6733537879.jpg,
406,8594914291.jpg,
407,5383163050.jpg,
408,6236460903.jpg,
409,8144989721.jpg,
410,5733136595.jpg,
411,4533053129.jpg,
412,5108037387.jpg,
413,7402397682.jpg,
414,3723509937.jpg,
415,2171184435.jpg,
416,52148992.jpg,
417,3738067281.jpg,
418,942070967.jpg,
419,3433507871.jpg,
420,1617800180.jpg,
421,5377142291.jpg,
422,7577476812.jpg,
423,4965261251.jpg,
424,8465231863.jpg,
425,6281827061.jpg,
426,8491770145.jpg,
427,5727587585.jpg,
428,7121572837.jpg,
429,4449821224.jpg,
430,5778843321.jpg,
431,6042778700.jpg,
432,6877288495.jpg,
433,5655200189.jpg,
434,4311844877.jpg,
435,2760079853.jpg,
436,8640492529.jpg,
437,7845747918.jpg,
438,7416913542.jpg,
439,4399539166.jpg,
440,3526226545.jpg,
441,9121059553.jpg,
442,5722769560.jpg,
443,5190573998.jpg,
444,2859003906.jpg,
445,4414381524.jpg,
446,3498281634.jpg,
447,3272867557.jpg,
448,2532908290.jpg,
449,5445604814.jpg,
450,6164193136.jpg,
451,4029300510.jpg,
452,4262121927.jpg,
453,5464939394.jpg,
454,1350704318.jpg,
455,8782344809.jpg,
456,2942689043.jpg,
457,4049553244.jpg,
458,5365150692.jpg,
459,4264117841.jpg,
460,9291483548.jpg,
461,3186777860.jpg,
462,6925027806.jpg,
463,7704830106.jpg,
464,5293335092.jpg,
465,6052792564.jpg,
466,7291968286.jpg,
467,63253036.jpg,
468,8459366410.jpg,
469,5672039403.jpg,
470,6311250417.jpg,
471,2503790536.jpg,
472,5182758234.jpg,
473,3451091879.jpg,
474,9348258854.jpg,
475,1867365411.jpg,
476,8859365296.jpg,
477,13904302434.jpg,
478,3507831173.jpg,
479,2813905044.jpg,
480,4083638870.jpg,
481,8501636855.jpg,
482,2256335192.jpg,
483,5581458562.jpg,
484,4980555408.jpg,
485,6307380477.jpg,
486,6974478163.jpg,
487,4470252069.jpg,
488,7615829634.jpg,
489,5922602279.jpg,
490,4559013993.jpg,
491,10165024485.jpg,
492,5595122987.jpg,
493,2575880348.jpg,
494,8622261513.jpg,
495,4126228661.jpg,
496,5415699503.jpg,
497,2978076676.jpg,
498,3494012090.jpg,
499,3571511662.jpg,
500,5674423330.jpg,
501,9043122886.jpg,
502,3342479196.jpg,
503,5019441087.jpg,
504,8991407719.jpg,
505,3355192096.jpg,
506,3420376904.jpg,
507,5318823304.jpg,
508,8338885539.jpg,
509,6094781216.jpg,
510,11297855326.jpg,
511,9538735889.jpg,
512,6208333532.jpg,
513,6265923716.jpg,
514,6686168067.jpg,
515,9078247666.jpg,
516,5422443578.jpg,
517,4531015498.jpg,
518,2948872710.jpg,
519,5006518121.jpg,
520,4780264522.jpg,
521,5848117405.jpg,
522,11574965165.jpg,
523,4536427493.jpg,
524,5631140764.jpg,
525,872177729.jpg,
526,6672739903.jpg,
527,6701959999.jpg,
528,6077197206.jpg,
529,9929835484.jpg,
530,644242466.jpg,
531,2088734126.jpg,
532,5822721586.jpg,
533,2356540937.jpg,
534,3334002348.jpg,
535,10990476484.jpg,
536,8483580180.jpg,
537,5167662753.jpg,
538,2488646901.jpg,
539,2896958376.jpg,
540,5036395520.jpg,
541,5824511940.jpg,
542,6683809175.jpg,
543,3866589063.jpg,
544,2867408525.jpg,
545,3640660.jpg,
546,9446855409.jpg,
547,8301483007.jpg,
548,3561947162.jpg,
549,7948787006.jpg,
550,6532434739.jpg,
551,7940977694.jpg,
552,5714525081.jpg,
553,6073543970.jpg,
554,7118496483.jpg,
555,4980550174.jpg,
556,6221026029.jpg,
557,4800991252.jpg,
558,5677277293.jpg,
559,5619533259.jpg,
560,13776343645.jpg,
561,8458742939.jpg,
562,5554431641.jpg,
563,5076784106.jpg,
564,8676997957.jpg,
565,6247749454.jpg,
566,4207890164.jpg,
567,4665584008.jpg,
568,7557056774.jpg,
569,2392807943.jpg,
570,3265068228.jpg,
571,460308752.jpg,
572,6781392747.jpg,
573,5381502622.jpg,
574,6056036156.jpg,
575,6819263632.jpg,
576,5347155446.jpg,
577,3630890429.jpg,
578,8212661587.jpg,
579,5161976937.jpg,
580,2378869389.jpg,
581,9009800710.jpg,
582,5642883884.jpg,
583,9012234569.jpg,
584,13858487695.jpg,
585,9108845080.jpg,
586,6380241107.jpg,
587,8540415237.jpg,
588,8800271528.jpg,
589,6683804657.jpg,
590,2811424336.jpg,
591,2485257197.jpg,
592,2068721324.jpg,
593,3309121215.jpg,
594,8809076904.jpg,
595,7715035958.jpg,
596,9245030734.jpg,
597,4542118666.jpg,
598,3892533509.jpg,
599,3933613224.jpg,
600,2236257095.jpg,
601,9177751795.jpg,
602,7839576940.jpg,
603,3732442875.jpg,
604,2990791700.jpg,
605,13194229063.jpg,
606,5105212557.jpg,
607,6122900348.jpg,
608,3992534156.jpg,
609,3814096237.jpg,
610,7569011604.jpg,
611,1253895720.jpg,
612,5916908303.jpg,
613,8721921195.jpg,
614,7196543710.jpg,
615,2860570987.jpg,
616,8716479494.jpg,
617,8705970673.jpg,
618,6348803963.jpg,
619,7999854019.jpg,
620,6510750829.jpg,
621,9331612556.jpg,
622,5399954648.jpg,
623,2299782057.jpg,
624,3097510577.jpg,
625,6373435073.jpg,
626,8446256935.jpg,
627,5178358016.jpg,
628,2816703806.jpg,
629,8628094186.jpg,
630,3060587168.jpg,
631,6263918595.jpg,
632,2092198926.jpg,
633,2037622293.jpg,
634,7020612425.jpg,
635,2974863850.jpg,
636,5284737091.jpg,
637,4449371004.jpg,
638,12996282154.jpg,
639,9118903522.jpg,
640,8632674815.jpg,
641,5895749281.jpg,
642,5293584162.jpg,
643,4532907573.jpg,
644,8102845547.jpg,
645,455403475.jpg,
646,8664535165.jpg,
647,10115503696.jpg,
648,7582604852.jpg,
649,11652168615.jpg,
650,8153400379.jpg,
651,9567791561.jpg,
652,7616541086.jpg,
653,10722950263.jpg,
654,2853088956.jpg,
655,5694656736.jpg,
656,5649342359.jpg,
657,7058346377.jpg,
658,8922920105.jpg,
659,5682310514.jpg,
660,9714803911.jpg,
661,3426986567.jpg,
662,7148306037.jpg,
663,6870444529.jpg,
664,5184718940.jpg,
665,5031123919.jpg,
666,9711103027.jpg,
667,3970092306.jpg,
668,2148362637.jpg,
669,6372549291.jpg,
670,7061863793.jpg,
671,8927040679.jpg,
672,3972379200.jpg,
673,8570847069.jpg,
674,3458282140.jpg,
675,4982065357.jpg,
676,8127936077.jpg,
677,5354804952.jpg,
678,4706783836.jpg,
679,7102649297.jpg,
680,5507336422.jpg,
681,6248256933.jpg,
682,9161277647.jpg,
683,5086021192.jpg,
684,5799461563.jpg,
685,5670712920.jpg,
686,2701079432.jpg,
687,11080170865.jpg,
688,3014926654.jpg,
689,2270717628.jpg,
690,5977779955.jpg,
691,9605399483.jpg,
692,2837391162.jpg,
693,4066177321.jpg,
694,5380773202.jpg,
695,7557876386.jpg,
696,2627906281.jpg,
697,9060808894.jpg,
698,5010655633.jpg,
699,8008529155.jpg,
700,10887691415.jpg,
701,4312945755.jpg,
702,9587770630.jpg,
703,7359192776.jpg,
704,5189263875.jpg,
705,4684204212.jpg,
706,3012708559.jpg,
707,2616501080.jpg,
708,4232357772.jpg,
709,5323034579.jpg,
710,8715059551.jpg,
711,5233797935.jpg,
712,11784278006.jpg,
713,4482942666.jpg,
714,5200094734.jpg,
715,6854195771.jpg,
716,1991596532.jpg,
717,2550871722.jpg,
718,6952815766.jpg,
719,945283822.jpg,
720,5268499023.jpg,
721,12910007253.jpg,
722,3424985158.jpg,
723,5187315532.jpg,
724,2829944935.jpg,
725,6364237595.jpg,
726,5613103057.jpg,
727,3955611210.jpg,
728,5062873627.jpg,
729,3629392411.jpg,
730,8477314613.jpg,
731,12778219585.jpg,
732,4540214918.jpg,
733,10674335495.jpg,
734,2176441064.jpg,
735,3641477400.jpg,
736,8606804022.jpg,
737,6265502591.jpg,
738,5208184891.jpg,
739,2262565200.jpg,
740,9591354081.jpg,
741,8478395761.jpg,
742,3965458856.jpg,
743,2642730844.jpg,
744,5532999215.jpg,
745,32261756.jpg,
746,4684825156.jpg,
747,2412894098.jpg,
748,4977813981.jpg,
749,4192860445.jpg,
750,4007661771.jpg,
751,3503651977.jpg,
752,4576406784.jpg,
753,7006913150.jpg,
754,8091306276.jpg,
755,2976505703.jpg,
756,7105775053.jpg,
757,4747662584.jpg,
758,210257078.jpg,
759,460819311.jpg,
760,6013379477.jpg,
761,6905741175.jpg,
762,3056426802.jpg,
763,3489002799.jpg,
764,3756460898.jpg,
765,7067550675.jpg,
766,3463166842.jpg,
767,9487579991.jpg,
768,89581032.jpg,
769,5855642621.jpg,
770,7290592470.jpg,
771,5381650268.jpg,
772,5954604137.jpg,
773,7727120100.jpg,
774,7986597145.jpg,
775,5434343003.jpg,
776,5347447908.jpg,
777,4005927342.jpg,
778,5042025731.jpg,
779,28267884.jpg,
780,5808813298.jpg,
781,5992621491.jpg,
782,8300477043.jpg,
783,7359121812.jpg,
784,9307191381.jpg,
785,4811473485.jpg,
786,10762329536.jpg,
787,1254546625.jpg,
788,3539669846.jpg,
789,6825043125.jpg,
790,11653184393.jpg,
791,3014414656.jpg,
792,4387938491.jpg,
793,9436515377.jpg,
794,3105136517.jpg,
795,6441481743.jpg,
796,5049175248.jpg,
797,5021061206.jpg,
798,5623082341.jpg,
799,5382023348.jpg,
800,3357978465.jpg,
801,2567547061.jpg,
802,6402240641.jpg,
803,5871755151.jpg,
804,5068135309.jpg,
805,7984375482.jpg,
806,3779988145.jpg,
807,5151222239.jpg,
808,6368227719.jpg,
809,1214254749.jpg,
810,13958936725.jpg,
811,5461713620.jpg,
812,7709307778.jpg,
813,4864524364.jpg,
814,7356034654.jpg,
815,8555460190.jpg,
816,6560010177.jpg,
817,8717309389.jpg,
818,9674376669.jpg,
819,4466131929.jpg,
820,4001903501.jpg,
821,2287091772.jpg,
822,5732801737.jpg,
823,2888506965.jpg,
824,4987073249.jpg,
825,8232983795.jpg,
826,5596849799.jpg,
827,7821060344.jpg,
828,7766129674.jpg,
829,3365245769.jpg,
830,4336943896.jpg,
831,3042595148.jpg,
832,7006293586.jpg,
833,12381733713.jpg,
834,6203774276.jpg,
835,3385797006.jpg,
836,3866040046.jpg,
837,6199908137.jpg,
838,9652885426.jpg,
839,5543245769.jpg,
840,4781123502.jpg,
841,5986136942.jpg,
842,827968291.jpg,
843,8211677677.jpg,
844,3729406535.jpg,
845,8747314929.jpg,
846,7467448864.jpg,
847,3253617042.jpg,
848,4703145205.jpg,
849,9679862967.jpg,
850,5877470597.jpg,
851,12805310003.jpg,
852,11034422753.jpg,
853,4654689459.jpg,
854,3590761156.jpg,
855,5006198512.jpg,
856,11610248756.jpg,
857,6803970453.jpg,
858,4728661359.jpg,
859,3488765504.jpg,
860,8514918904.jpg,
861,7776127582.jpg,
862,6945202165.jpg,
863,1751300812.jpg,
864,6805561503.jpg,
865,9167231400.jpg,
866,7007098967.jpg,
867,7818731496.jpg,
868,5762507455.jpg,
869,6872224993.jpg,
870,4811750972.jpg,
871,2373007605.jpg,
872,5900934653.jpg,
873,2338027619.jpg,
874,7490847868.jpg,
875,7180702207.jpg,
876,6279789879.jpg,
877,6636277331.jpg,
878,2988808771.jpg,
879,5553554096.jpg,
880,4876758574.jpg,
881,5069427362.jpg,
882,5451685114.jpg,
883,8303573944.jpg,
884,4929706966.jpg,
885,7753237552.jpg,
886,9009215057.jpg,
887,7063460451.jpg,
888,9439954680.jpg,
889,2031226762.jpg,
890,4888503213.jpg,
891,10108232324.jpg,
892,7109134791.jpg,
893,9593590540.jpg,
894,6795635308.jpg,
895,3112264817.jpg,
896,215391185.jpg,
897,7503669400.jpg,
898,8592799590.jpg,
899,2947800504.jpg,
900,6104568180.jpg,
901,2225516342.jpg,
902,3284652194.jpg,
903,3275838408.jpg,
904,2129515738.jpg,
905,3547590206.jpg,
906,5122668155.jpg,
907,6434535893.jpg,
908,3499030590.jpg,
909,10206454296.jpg,
910,4132067042.jpg,
911,10055317133.jpg,
912,1645521425.jpg,
913,7997763844.jpg,
914,5082201444.jpg,
915,4422966952.jpg,
916,5975942632.jpg,
917,326721787.jpg,
918,2231331388.jpg,
919,8301919986.jpg,
920,9001135290.jpg,
921,4449326771.jpg,
922,7037488999.jpg,
923,3642443397.jpg,
924,5947777949.jpg,
925,3735334467.jpg,
926,4141682403.jpg,
927,8815795798.jpg,
928,5247256165.jpg,
929,8593571587.jpg,
930,2719633930.jpg,
931,9050795409.jpg,
932,6186086758.jpg,
933,11918017873.jpg,
934,8663559972.jpg,
935,6600755193.jpg,
936,6922208194.jpg,
937,10557294334.jpg,
938,5315626098.jpg,
939,8321735195.jpg,
940,2655454790.jpg,
941,7414396080.jpg,
942,1825349061.jpg,
943,3454357130.jpg,
944,4588649255.jpg,
945,4514110401.jpg,
946,8534209511.jpg,
947,5862873516.jpg,
948,5475270166.jpg,
949,4771303231.jpg,
950,5260360200.jpg,
951,8540841429.jpg,
952,9399427099.jpg,
953,5207961172.jpg,
954,2416841436.jpg,
955,8251381751.jpg,
956,5535400554.jpg,
957,7725940168.jpg,
958,3497658939.jpg,
959,2240852947.jpg,
960,1659477928.jpg,
961,4825046087.jpg,
962,3936134355.jpg,
963,5094605535.jpg,
964,5581616117.jpg,
965,4050927028.jpg,
966,7333462230.jpg,
967,8468346153.jpg,
968,7814805174.jpg,
969,532164633.jpg,
970,5003203020.jpg,
971,8298657447.jpg,
972,5324836204.jpg,
973,2542447344.jpg,
974,5175941140.jpg,
975,4602688619.jpg,
976,8038349811.jpg,
977,9031231108.jpg,
978,4538918812.jpg,
979,10024265006.jpg,
980,4090135598.jpg,
981,2158698661.jpg,
982,12412125193.jpg,
983,4967204512.jpg,
984,10888967684.jpg,
985,7447396310.jpg,
986,7108912177.jpg,
987,8691341954.jpg,
988,3283035708.jpg,
989,3319830290.jpg,
990,5436129753.jpg,
991,2791428226.jpg,
992,9846902785.jpg,
993,9386653773.jpg,
994,3733962194.jpg,
995,823949609.jpg,
996,4554853878.jpg,
997,2616994612.jpg,
998,4869481647.jpg,
999,5077445230.jpg,
1000,3405277734.jpg,
1001,2962073703.jpg,
1002,8530208689.jpg,
1003,923853560.jpg,
1004,3425986790.jpg,
1005,4699006770.jpg,
1006,2856724746.jpg,
1007,9160164557.jpg,
1008,6019125698.jpg,
1009,457897555.jpg,
1010,4711947888.jpg,
1011,14000541065.jpg,
1012,6814561337.jpg,
1013,8456299086.jpg,
1014,2416080818.jpg,
1015,5235881828.jpg,
1016,2087769529.jpg,
1017,3710735092.jpg,
1018,4727450800.jpg,
1019,4016777484.jpg,
1020,6252419899.jpg,
1021,2425196729.jpg,
1022,5158648858.jpg,
1023,5072906348.jpg,
1024,5032324949.jpg,
1025,4709750782.jpg,
1026,7981549110.jpg,
1027,3808394253.jpg,
1028,6106370529.jpg,
1029,7401969394.jpg,
1030,1226373192.jpg,
1031,3709079361.jpg,
1032,6789153387.jpg,
1033,5365632276.jpg,
1034,11103484436.jpg,
1035,7501188424.jpg,
1036,2850524666.jpg,
1037,6177874953.jpg,
1038,5878068408.jpg,
1039,4431170095.jpg,
1040,3422800036.jpg,
1041,5498145220.jpg,
1042,4060941639.jpg,
1043,4940038644.jpg,
1044,5949792298.jpg,
1045,8258515852.jpg,
1046,2259713535.jpg,
1047,2111400646.jpg,
1048,9657467218.jpg,
1049,6907949010.jpg,
1050,5470807308.jpg,
1051,5917860223.jpg,
1052,4445018322.jpg,
1053,2792929547.jpg,
1054,5135019924.jpg,
1055,1271975797.jpg,
1056,2939073272.jpg,
1057,11649200584.jpg,
1058,9250640412.jpg,
1059,3056833891.jpg,
1060,3755862827.jpg,
1061,5545165559.jpg,
1062,12925746095.jpg,
1063,4889326679.jpg,
1064,8505320138.jpg,
1065,7701958264.jpg,
1066,8123196599.jpg,
1067,7187773128.jpg,
1068,5936170505.jpg,
1069,9355848740.jpg,
1070,6315784034.jpg,
1071,7609151110.jpg,
1072,8644236680.jpg,
1073,12379980555.jpg,
1074,6233658752.jpg,
1075,7799153298.jpg,
1076,8015373904.jpg,
1077,4202902741.jpg,
1078,3513297612.jpg,
1079,3589957410.jpg,
1080,12351232215.jpg,
1081,13989025434.jpg,
1082,3621150297.jpg,
1083,8749681924.jpg,
1084,8652238822.jpg,
1085,8870729089.jpg,
1086,5749163419.jpg,
1087,3094721320.jpg,
1088,3583134745.jpg,
1089,13982705183.jpg,
1090,173846924.jpg,
1091,8999840199.jpg,
1092,4658213134.jpg,
1093,5793589333.jpg,
1094,6960827981.jpg,
1095,6644308477.jpg,
1096,20403993.jpg,
1097,11865831233.jpg,
1098,3793140738.jpg,
1099,9701126034.jpg,
1100,4272534635.jpg,
1101,5448317091.jpg,
1102,4833133937.jpg,
1103,5443584908.jpg,
1104,2438845176.jpg,
1105,6977833678.jpg,
1106,4642020388.jpg,
1107,3740106362.jpg,
1108,469822512.jpg,
1109,9643693889.jpg,
1110,4783757649.jpg,
1111,6429512477.jpg,
1112,13333162204.jpg,
1113,3488367654.jpg,
1114,5763131038.jpg,
1115,174030514.jpg,
1116,9240207515.jpg,
1117,11497548836.jpg,
1118,10848702735.jpg,
1119,1423307087.jpg,
1120,4980549423.jpg,
1121,6528262305.jpg,
1122,8295869987.jpg,
1123,5486278354.jpg,
1124,406624531.jpg,
1125,10794801586.jpg,
1126,5836124927.jpg,
1127,1066580745.jpg,
1128,5474334961.jpg,
1129,6929767945.jpg,
1130,4734927095.jpg,
1131,3120411696.jpg,
1132,9354649811.jpg,
1133,3964023068.jpg,
1134,2458677475.jpg,
1135,5991151483.jpg,
1136,3391531732.jpg,
1137,3320208977.jpg,
1138,5692514751.jpg,
1139,6846929353.jpg,
1140,4691074315.jpg,
1141,6811348227.jpg,
1142,4595464362.jpg,
1143,7639426112.jpg,
1144,8653592504.jpg,
1145,3787334648.jpg,
1146,8507316055.jpg,
1147,3260241052.jpg,
1148,3559820549.jpg,
1149,5256529811.jpg,
1150,3043511878.jpg,
1151,4523515621.jpg,
1152,2424702883.jpg,
1153,4508049668.jpg,
1154,4332362502.jpg,
1155,5715945088.jpg,
1156,9515956314.jpg,
1157,3599052533.jpg,
1158,10082270546.jpg,
1159,6393864811.jpg,
1160,7574296646.jpg,
1161,4357605756.jpg,
1162,4836732013.jpg,
1163,4325565406.jpg,
1164,13081138545.jpg,
1165,6370451349.jpg,
1166,6284554468.jpg,
1167,5038442539.jpg,
1168,8175802939.jpg,
1169,9611629663.jpg,
1170,2573256743.jpg,
1171,2837257168.jpg,
1172,7976774673.jpg,
1173,13071986305.jpg,
1174,4665996779.jpg,
1175,3730177941.jpg,
1176,7656323252.jpg,
1177,14010060531.jpg,
1178,8342088366.jpg,
1179,2459975723.jpg,
1180,2766973541.jpg,
1181,4521822057.jpg,
1182,4174044532.jpg,
1183,206952130.jpg,
1184,4260026703.jpg,
1185,8425646545.jpg,
1186,2541932512.jpg,
1187,2175883475.jpg,
1188,3665224916.jpg,
1189,2533214069.jpg,
1190,12150510976.jpg,
1191,8958349894.jpg,
1192,8196446103.jpg,
1193,5230227458.jpg,
1194,5470172039.jpg,
1195,12256408963.jpg,
1196,3925131207.jpg,
1197,6346105690.jpg,
1198,1075018111.jpg,
1199,9720611328.jpg,
1200,2407234000.jpg,
1201,1584568410.jpg,
1202,7866323938.jpg,
1203,2905146203.jpg,
1204,4456325971.jpg,
1205,6793022738.jpg,
1206,13936679063.jpg,
1207,6269148496.jpg,
1208,7389291920.jpg,
1209,8121254730.jpg,
1210,8174704852.jpg,
1211,5166938085.jpg,
1212,3447919538.jpg,
1213,3565485738.jpg,
1214,3269823678.jpg,
1215,6003917164.jpg,
1216,6777450851.jpg,
1217,7565996306.jpg,
1218,2973010025.jpg,
1219,4312402226.jpg,
1220,4530919810.jpg,
1221,5423842789.jpg,
1222,3993363938.jpg,
1223,2865341610.jpg,
1224,3089081676.jpg,
1225,3800095997.jpg,
1226,3687089337.jpg,
1227,4548376924.jpg,
1228,2390178298.jpg,
1229,11666288945.jpg,
1230,4558917153.jpg,
1231,3383923898.jpg,
1232,4623113163.jpg,
1233,13064069654.jpg,
1234,8539083636.jpg,
1235,3097912997.jpg,
1236,6660767951.jpg,
1237,7362581626.jpg,
1238,9420455827.jpg,
1239,4953019070.jpg,
1240,8480059537.jpg,
1241,2622047032.jpg,
1242,3004802847.jpg,
1243,8200505839.jpg,
1244,2207547980.jpg,
1245,8128120462.jpg,
1246,5974916702.jpg,
1247,7187099849.jpg,
1248,6899901799.jpg,
1249,2392139318.jpg,
1250,2231781786.jpg,
1251,2472356404.jpg,
1252,6664180319.jpg,
1253,9413177485.jpg,
1254,6283158837.jpg,
1255,2667030141.jpg,
1256,10056108614.jpg,
1257,8656818278.jpg,
1258,8380220530.jpg,
1259,6988360463.jpg,
1260,5348266763.jpg,
1261,4037260802.jpg,
1262,8238693995.jpg,
1263,2422514509.jpg,
1264,3870815742.jpg,
1265,7490487872.jpg,
1266,7674662184.jpg,
1267,6805418850.jpg,
1268,5453364851.jpg,
1269,8476297864.jpg,
1270,3106466965.jpg,
1271,383027017.jpg,
1272,5746273497.jpg,
1273,441603053.jpg,
1274,4761386379.jpg,
1275,6350222613.jpg,
1276,8104934257.jpg,
1277,11439370863.jpg,
1278,9072522664.jpg,
1279,9436317429.jpg,
1280,4907535472.jpg,
1281,320637153.jpg,
1282,13274905195.jpg,
1283,6587905137.jpg,
1284,6874576974.jpg,
1285,7052064187.jpg,
1286,8529388199.jpg,
1287,5936968619.jpg,
1288,4475575344.jpg,
1289,9253646781.jpg,
1290,6300490611.jpg,
1291,9674609367.jpg,
1292,5826061040.jpg,
1293,12891556093.jpg,
1294,8019307098.jpg,
1295,2358340656.jpg,
1296,3327822184.jpg,
1297,5775790259.jpg,
1298,8772171406.jpg,
1299,5767574438.jpg,
1300,2642699655.jpg,
1301,3739885733.jpg,
1302,9175205302.jpg,
1303,8791742443.jpg,
1304,8190381173.jpg,
1305,1732740294.jpg,
1306,5968286041.jpg,
1307,4923401337.jpg,
1308,2212489241.jpg,
1309,2285286535.jpg,
1310,9670095621.jpg,
1311,5454340955.jpg,
1312,6193458572.jpg,
1313,5556162793.jpg,
1314,7101041615.jpg,
1315,3360773052.jpg,
1316,9388152316.jpg,
1317,2095666323.jpg,
1318,2484546588.jpg,
1319,9073311450.jpg,
1320,5538120629.jpg,
1321,1488708025.jpg,
1322,2936566727.jpg,
1323,3182197241.jpg,
1324,5238322049.jpg,
1325,13464931203.jpg,
1326,6341179138.jpg,
1327,7322405980.jpg,
1328,6777387837.jpg,
1329,6842919649.jpg,
1330,3878763161.jpg,
1331,2639139585.jpg,
1332,5696215756.jpg,
1333,7353703752.jpg,
1334,2357852775.jpg,
1335,5607376993.jpg,
1336,4902165309.jpg,
1337,4907475241.jpg,
1338,2052743802.jpg,
1339,3153309102.jpg,
1340,7492163404.jpg,
1341,8287084427.jpg,
1342,6996366470.jpg,
1343,1542459129.jpg,
1344,5543627961.jpg,
1345,7478969488.jpg,
1346,7973088474.jpg,
1347,5274394245.jpg,
1348,8092550004.jpg,
1349,9613242707.jpg,
1350,8082809184.jpg,
1351,5605792094.jpg,
1352,5126472592.jpg,
1353,8945411389.jpg,
1354,5014045667.jpg,
1355,2446905174.jpg,
1356,3336776464.jpg,
1357,8592150396.jpg,
1358,6537177665.jpg,
1359,11376882813.jpg,
1360,11799646275.jpg,
1361,3070385128.jpg,
1362,7822253820.jpg,
1363,12006239283.jpg,
1364,1274038080.jpg,
1365,7018205135.jpg,
1366,1517671549.jpg,
1367,6877187385.jpg,
1368,2322289278.jpg,
1369,7854360534.jpg,
1370,4658223046.jpg,
1371,13455051694.jpg,
1372,4767795645.jpg,
1373,5883754368.jpg,
1374,5314519767.jpg,
1375,5087717640.jpg,
1376,7173129566.jpg,
1377,1444753204.jpg,
1378,5793653608.jpg,
1379,6694816175.jpg,
1380,3990495185.jpg,
1381,6779799981.jpg,
1382,12485048114.jpg,
1383,4132612622.jpg,
1384,4051372402.jpg,
1385,3940039676.jpg,
1386,1116311888.jpg,
1387,6293247732.jpg,
1388,8631681947.jpg,
1389,9709288862.jpg,
1390,6995289244.jpg,
1391,7469133068.jpg,
1392,1458945701.jpg,
1393,3288756732.jpg,
1394,7996587161.jpg,
1395,7127688987.jpg,
1396,2408374505.jpg,
1397,9609037868.jpg,
1398,6089293993.jpg,
1399,2489625453.jpg,
1400,4492277947.jpg,
1401,3144202261.jpg,
1402,6583675463.jpg,
1403,444515678.jpg,
1404,8771519169.jpg,
1405,5355169690.jpg,
1406,11127625566.jpg,
1407,7359227058.jpg,
1408,2849510968.jpg,
1409,5283179210.jpg,
1410,3492534402.jpg,
1411,6862076486.jpg,
1412,5203992620.jpg,
1413,5613241326.jpg,
1414,5233400276.jpg,
1415,8645530859.jpg,
1416,7506210980.jpg,
1417,8196545190.jpg,
1418,8645255256.jpg,
1419,8339006844.jpg,
1420,3010513871.jpg,
1421,7842823934.jpg,
1422,5948238083.jpg,
1423,230701555.jpg,
1424,3697245924.jpg,
1425,3614644828.jpg,
1426,4473417921.jpg,
1427,12260507735.jpg,
1428,3149725827.jpg,
1429,6877811994.jpg,
1430,9489588127.jpg,
1431,2367396909.jpg,
1432,6202272031.jpg,
1433,3280982200.jpg,
1434,3123807177.jpg,
1435,7078478749.jpg,
1436,11124013046.jpg,
1437,3907592545.jpg,
1438,12889320923.jpg,
1439,8634311599.jpg,
1440,556199541.jpg,
1441,4794369110.jpg,
1442,4730920241.jpg,
1443,5557031802.jpg,
1444,8315265624.jpg,
1445,8555435653.jpg,
1446,6080411556.jpg,
1447,12733208643.jpg,
1448,6418172035.jpg,
1449,2913338527.jpg,
1450,5732024379.jpg,
1451,8527736067.jpg,
1452,2062896237.jpg,
1453,9465766798.jpg,
1454,4207027713.jpg,
1455,6291561128.jpg,
1456,5889779089.jpg,
1457,5410068479.jpg,
1458,4378012050.jpg,
1459,2136024968.jpg,
1460,6966361977.jpg,
1461,4262376245.jpg,
1462,6915869572.jpg,
1463,10293996006.jpg,
1464,3228060678.jpg,
1465,4701854383.jpg,
1466,9497444414.jpg,
1467,4916980076.jpg,
1468,7185364280.jpg,
1469,5558253851.jpg,
1470,2130444101.jpg,
1471,10488772426.jpg,
1472,2206311719.jpg,
1473,3946744992.jpg,
1474,1506797002.jpg,
1475,4876126041.jpg,
1476,3405778253.jpg,
1477,4658047585.jpg,
1478,8846313945.jpg,
1479,4707213769.jpg,
1480,3039103078.jpg,
1481,3736461532.jpg,
1482,5697158314.jpg,
1483,3355471826.jpg,
1484,5718121833.jpg,
1485,299587385.jpg,
1486,307096702.jpg,
1487,5649387301.jpg,
1488,7506510930.jpg,
1489,5460523415.jpg,
1490,2740446471.jpg,
1491,4720616580.jpg,
1492,8537527021.jpg,
1493,2948179071.jpg,
1494,6934052402.jpg,
1495,2232591644.jpg,
1496,2431640420.jpg,
1497,3013645313.jpg,
1498,6669415903.jpg,
1499,2231570854.jpg,
1500,1430877985.jpg,
1501,2822259864.jpg,
1502,6789811194.jpg,
1503,4676268170.jpg,
1504,4338876672.jpg,
1505,10207263263.jpg,
1506,5819504305.jpg,
1507,2813564870.jpg,
1508,2917371605.jpg,
1509,897287364.jpg,
1510,6989331843.jpg,
1511,6846600627.jpg,
1512,11127482213.jpg,
1513,3345544588.jpg,
1514,11127893783.jpg,
1515,1706121860.jpg,
1516,2965808083.jpg,
1517,2493867066.jpg,
1518,2732460690.jpg,
1519,5100254219.jpg,
1520,2891802491.jpg,
1521,6195360476.jpg,
1522,6776889111.jpg,
1523,8208870767.jpg,
1524,5161456359.jpg,
1525,5759146493.jpg,
1526,2096678117.jpg,
1527,339789508.jpg,
1528,8583197820.jpg,
1529,9684269405.jpg,
1530,8056628847.jpg,
1531,3539325016.jpg,
1532,6226922755.jpg,
1533,3015307893.jpg,
1534,4910681945.jpg,
1535,2353231693.jpg,
1536,11673695765.jpg,
1537,5400863458.jpg,
1538,4938701118.jpg,
1539,3685480775.jpg,
1540,8454679017.jpg,
1541,4925835542.jpg,
1542,3825462189.jpg,
1543,5768673742.jpg,
1544,5709040391.jpg,
1545,5619549154.jpg,
1546,4010714020.jpg,
1547,8883889207.jpg,
1548,5971455692.jpg,
1549,4667183589.jpg,
1550,2383824088.jpg,
1551,9714247071.jpg,
1552,5653828449.jpg,
1553,9426531221.jpg,
1554,2679781172.jpg,
1555,8539041979.jpg,
1556,10580294083.jpg,
1557,8333095126.jpg,
1558,2657874399.jpg,
1559,4432020625.jpg,
1560,3777412529.jpg,
1561,5219647169.jpg,
1562,9540952219.jpg,
1563,10399892043.jpg,
1564,2340344650.jpg,
1565,8493859064.jpg,
1566,3028255128.jpg,
1567,6270582424.jpg,
1568,4099536913.jpg,
1569,5105083694.jpg,
1570,11108553534.jpg,
1571,9625138420.jpg,
1572,5554293618.jpg,
1573,5846514755.jpg,
1574,4166381995.jpg,
1575,9880081374.jpg,
1576,6497202921.jpg,
1577,9701365927.jpg,
1578,2335017637.jpg,
1579,8123140597.jpg,
1580,216885820.jpg,
1581,3055827863.jpg,
1582,11396560394.jpg,
1583,9464949659.jpg,
1584,5814045225.jpg,
1585,8735453338.jpg,
1586,3558567017.jpg,
1587,6538456769.jpg,
1588,5224241287.jpg,
1589,1811531620.jpg,
1590,5182200778.jpg,
1591,4473767460.jpg,
1592,3852806721.jpg,
1593,3748008326.jpg,
1594,6856896231.jpg,
1595,7163909925.jpg,
1596,8476334115.jpg,
1597,5052866068.jpg,
1598,4213601571.jpg,
1599,226996462.jpg,
1600,2792085539.jpg,
1601,5640385395.jpg,
1602,9047603229.jpg,
1603,2260283869.jpg,
1604,2670548603.jpg,
1605,13949049321.jpg,
1606,7698543610.jpg,
1607,8438088552.jpg,
1608,2661770317.jpg,
1609,2866566029.jpg,
1610,5474784405.jpg,
1611,7007305085.jpg,
1612,7436866902.jpg,
1613,3272316251.jpg,
1614,4137358711.jpg,
1615,3476969477.jpg,
1616,4913023813.jpg,
1617,5693920537.jpg,
1618,4394347126.jpg,
1619,7401360936.jpg,
1620,5788167414.jpg,
1621,1436600848.jpg,
1622,4582978647.jpg,
1623,3397212113.jpg,
1624,9636767285.jpg,
1625,12759068604.jpg,
1626,12683991833.jpg,
1627,3794471673.jpg,
1628,5216220224.jpg,
1629,7874528548.jpg,
1630,5696680234.jpg,
1631,6265842957.jpg,
1632,5513263097.jpg,
1633,8322217408.jpg,
1634,8494535977.jpg,
1635,8915492482.jpg,
1636,8298678167.jpg,
1637,10316186035.jpg,
1638,3970507172.jpg,
1639,1959922547.jpg,
1640,2738258697.jpg,
1641,7143158999.jpg,
1642,4726301033.jpg,
1643,5020799287.jpg,
1644,9261019132.jpg,
1645,4343797961.jpg,
1646,5685313220.jpg,
1647,5849111706.jpg,
1648,2574968390.jpg,
1649,8417217954.jpg,
1650,2502286216.jpg,
1651,8101071226.jpg,
1652,9296670331.jpg,
1653,4466603191.jpg,
1654,7665207914.jpg,
1655,4543358981.jpg,
1656,2247385167.jpg,
1657,3531789933.jpg,
1658,6403764049.jpg,
1659,6478594215.jpg,
1660,5438409633.jpg,
1661,5032087030.jpg,
1662,7502309448.jpg,
1663,5343931825.jpg,
1664,6177160668.jpg,
1665,5479921058.jpg,
1666,3128904280.jpg,
1667,3318185508.jpg,
1668,2460699483.jpg,
1669,3432815624.jpg,
1670,4437598233.jpg,
1671,6135715086.jpg,
1672,9251923025.jpg,
1673,3693983728.jpg,
1674,959276023.jpg,
1675,3109023281.jpg,
1676,3354781104.jpg,
1677,10490868984.jpg,
1678,3871482773.jpg,
1679,3450153053.jpg,
1680,3850532258.jpg,
1681,2120623946.jpg,
1682,5785328757.jpg,
1683,7780239896.jpg,
1684,5200368182.jpg,
1685,2959492201.jpg,
1686,4533064321.jpg,
1687,5617974246.jpg,
1688,5561779793.jpg,
1689,5372730168.jpg,
1690,9520655398.jpg,
1691,3370940788.jpg,
1692,7746284210.jpg,
1693,4721790397.jpg,
1694,5178687784.jpg,
1695,8296502526.jpg,
1696,9375371674.jpg,
1697,5711864941.jpg,
1698,3770564753.jpg,
1699,3700081759.jpg,
1700,6233214721.jpg,
1701,12775708034.jpg,
1702,9993854704.jpg,
1703,2193899800.jpg,
1704,529141508.jpg,
1705,3565782358.jpg,
1706,2765405915.jpg,
1707,6347126160.jpg,
1708,6366992053.jpg,
1709,6251612460.jpg,
1710,7615839108.jpg,
1711,9609250337.jpg,
1712,8472289771.jpg,
1713,5631657949.jpg,
1714,6833114500.jpg,
1715,8491479964.jpg,
1716,9409439064.jpg,
1717,2745437899.jpg,
1718,7039924071.jpg,
1719,6464183169.jpg,
1720,8454547593.jpg,
1721,2895681267.jpg,
1722,2666349665.jpg,
1723,12972521105.jpg,
1724,510990758.jpg,
1725,7548797674.jpg,
1726,3448203657.jpg,
1727,206843229.jpg,
1728,10207934705.jpg,
1729,9613743206.jpg,
1730,3507386434.jpg,
1731,3797570603.jpg,
1732,4230543596.jpg,
1733,4164256906.jpg,
1734,4295051871.jpg,
1735,6373995571.jpg,
1736,12571990985.jpg,
1737,7356388950.jpg,
1738,3212222845.jpg,
1739,5395039226.jpg,
1740,8148450196.jpg,
1741,4917172759.jpg,
1742,5536895555.jpg,
1743,4778838283.jpg,
1744,7653104072.jpg,
1745,5852234624.jpg,
1746,7571328980.jpg,
1747,2396138859.jpg,
1748,8274893824.jpg,
1749,11264092035.jpg,
1750,11838397123.jpg,
1751,11565795195.jpg,
1752,7209775546.jpg,
1753,8441360112.jpg,
1754,2509250888.jpg,
1755,13992233026.jpg,
1756,6074221361.jpg,
1757,3575814415.jpg,
1758,6566123123.jpg,
1759,2645565596.jpg,
1760,4525874253.jpg,
1761,4732310112.jpg,
1762,10728351393.jpg,
1763,3324400628.jpg,
1764,5826011615.jpg,
1765,8219177052.jpg,
1766,8696272020.jpg,
1767,8839261936.jpg,
1768,707901087.jpg,
1769,12069920616.jpg,
1770,4681315164.jpg,
1771,3701992276.jpg,
1772,6023592554.jpg,
1773,5858382724.jpg,
1774,3011954090.jpg,
1775,7295701232.jpg,
1776,7298777358.jpg,
1777,61671905.jpg,
1778,6015197942.jpg,
1779,6342112635.jpg,
1780,5105778532.jpg,
1781,8585047395.jpg,
1782,3012465419.jpg,
1783,5875266574.jpg,
1784,3503515043.jpg,
1785,294715103.jpg,
1786,9475850048.jpg,
1787,5312496877.jpg,
1788,9509655965.jpg,
1789,8723114162.jpg,
1790,6905552070.jpg,
1791,3247511947.jpg,
1792,8660305609.jpg,
1793,4256011759.jpg,
1794,2154241491.jpg,
1795,46212100.jpg,
1796,2836094934.jpg,
1797,6016529076.jpg,
1798,4185305840.jpg,
1799,13916618566.jpg,
1800,8005547203.jpg,
1801,9519014717.jpg,
1802,5593928652.jpg,
1803,6275585779.jpg,
1804,4513743574.jpg,
1805,7304737724.jpg,
1806,6653109579.jpg,
1807,7238580254.jpg,
1808,7989541496.jpg,
1809,5740024370.jpg,
1810,13046586125.jpg,
1811,8195970368.jpg,
1812,9934780606.jpg,
1813,2853152963.jpg,
1814,5940145597.jpg,
1815,2337875259.jpg,
1816,8070925503.jpg,
1817,12912116753.jpg,
1818,193615262.jpg,
1819,5696673810.jpg,
1820,7315864030.jpg,
1821,2410287978.jpg,
1822,5422921840.jpg,
1823,8703511258.jpg,
1824,6831825319.jpg,
1825,2854844099.jpg,
1826,7181756655.jpg,
1827,7365080034.jpg,
1828,3375239486.jpg,
1829,7453539482.jpg,
1830,5332986902.jpg,
1831,7260679330.jpg,
1832,6063702784.jpg,
1833,6043737832.jpg,
1834,3414569273.jpg,
1835,6085358893.jpg,
1836,9983784356.jpg,
1837,6620205357.jpg,
1838,12041550886.jpg,
1839,5865457978.jpg,
1840,4615776168.jpg,
1841,5913898542.jpg,
1842,4955680769.jpg,
1843,6138129669.jpg,
1844,8610550.jpg,
1845,5179043288.jpg,
1846,5332686664.jpg,
1847,5954153054.jpg,
1848,10726924076.jpg,
1849,1313656316.jpg,
1850,7172537520.jpg,
1851,5434252597.jpg,
1852,2945255874.jpg,
1853,5223637186.jpg,
1854,3593058862.jpg,
1855,6836971506.jpg,
1856,8693890485.jpg,
1857,3396961370.jpg,
1858,2302146832.jpg,
1859,5811815449.jpg,
1860,2288276173.jpg,
1861,8674311330.jpg,
1862,5238432774.jpg,
1863,8062767460.jpg,
1864,9572384402.jpg,
1865,5690580847.jpg,
1866,12420828.jpg,
1867,3108271518.jpg,
1868,3189706489.jpg,
1869,6619376657.jpg,
1870,2664985439.jpg,
1871,8097908201.jpg,
1872,10322784153.jpg,
1873,5441757512.jpg,
1874,7630217260.jpg,
1875,3256145526.jpg,
1876,9634081483.jpg,
1877,4017929518.jpg,
1878,4273195030.jpg,
1879,3894229961.jpg,
1880,3076281206.jpg,
1881,8866432745.jpg,
1882,7865251230.jpg,
1883,5178322518.jpg,
1884,3728181479.jpg,
1885,8735389454.jpg,
1886,9647023064.jpg,
1887,3222715183.jpg,
1888,9268583291.jpg,
1889,4940470642.jpg,
1890,3624786817.jpg,
1891,6220931845.jpg,
1892,9132123438.jpg,
1893,6067320768.jpg,
1894,3157694243.jpg,
1895,5576004260.jpg,
1896,2681465345.jpg,
1897,3323389636.jpg,
1898,4845347954.jpg,
1899,6253299609.jpg,
1900,5938660446.jpg,
1901,8182412780.jpg,
1902,20102588.jpg,
1903,2819224315.jpg,
1904,3265874814.jpg,
1905,6281203011.jpg,
1906,2188402815.jpg,
1907,8637561639.jpg,
1908,7582317846.jpg,
1909,11834385036.jpg,
1910,5144759050.jpg,
1911,3056054027.jpg,
1912,1759811385.jpg,
1913,4237422247.jpg,
1914,8097153888.jpg,
1915,6989419566.jpg,
1916,5057329560.jpg,
1917,6323696459.jpg,
1918,6627093471.jpg,
1919,4932213950.jpg,
1920,13047149884.jpg,
1921,8478236095.jpg,
1922,2087872955.jpg,
1923,4543042757.jpg,
1924,368082658.jpg,
1925,6775544069.jpg,
1926,4877979189.jpg,
1927,7428982990.jpg,
1928,5644337572.jpg,
1929,7853853612.jpg,
1930,13681484174.jpg,
1931,3230001369.jpg,
1932,9112597056.jpg,
1933,8436461135.jpg,
1934,1348319351.jpg,
1935,10200406944.jpg,
1936,2528658825.jpg,
1937,9735090743.jpg,
1938,7294576276.jpg,
1939,4723760036.jpg,
1940,5172454314.jpg,
1941,1731776927.jpg,
1942,4934388829.jpg,
1943,8650424901.jpg,
1944,6459354911.jpg,
1945,5731234096.jpg,
1946,8961534511.jpg,
1947,11385773654.jpg,
1948,2878860272.jpg,
1949,5196913460.jpg,
1950,45447623.jpg,
1951,2436734464.jpg,
1952,6481390141.jpg,
1953,1667688840.jpg,
1954,220593608.jpg,
1955,11714195856.jpg,
1956,2909835769.jpg,
1957,5112083883.jpg,
1958,5707535119.jpg,
1959,6597907987.jpg,
1960,5598004716.jpg,
1961,3896395366.jpg,
1962,4524139349.jpg,
1963,13471541254.jpg,
1964,11331099515.jpg,
1965,8304222955.jpg,
1966,3283867241.jpg,
1967,12299537826.jpg,
1968,5268694133.jpg,
1969,3342645841.jpg,
1970,5033216250.jpg,
1971,7478471700.jpg,
1972,3962483853.jpg,
1973,4539501738.jpg,
1974,8731793907.jpg,
1975,8397419126.jpg,
1976,3424195146.jpg,
1977,2155581077.jpg,
1978,7182587678.jpg,
1979,8023440093.jpg,
1980,9653287226.jpg,
1981,7570898944.jpg,
1982,8149703474.jpg,
1983,8698077459.jpg,
1984,7513595544.jpg,
1985,5200347602.jpg,
1986,3666968641.jpg,
1987,4272303739.jpg,
1988,9416333934.jpg,
1989,5377580962.jpg,
1990,2998047946.jpg,
1991,9484089791.jpg,
1992,8369885049.jpg,
1993,9542516917.jpg,
1994,240806483.jpg,
1995,5001199147.jpg,
1996,78704977.jpg,
1997,6195214708.jpg,
1998,2958521898.jpg,
1999,6262408326.jpg,
2000,11372911803.jpg,
2001,6929914487.jpg,
2002,5353933068.jpg,
2003,10594910555.jpg,
2004,7249825714.jpg,
2005,4630237581.jpg,
2006,11246070084.jpg,
2007,5123604884.jpg,
2008,3579052129.jpg,
2009,8688162602.jpg,
2010,7378385824.jpg,
2011,2125064519.jpg,
2012,3393382838.jpg,
2013,8432398610.jpg,
2014,2582403656.jpg,
2015,5920718833.jpg,
2016,4462488946.jpg,
2017,3300312656.jpg,
2018,6069890504.jpg,
2019,6897071578.jpg,
2020,9169498892.jpg,
2021,3141039871.jpg,
2022,5060179568.jpg,
2023,9085396749.jpg,
2024,6602734997.jpg,
2025,5236226803.jpg,
2026,6969454441.jpg,
2027,3339759164.jpg,
2028,3373061651.jpg,
2029,6923757115.jpg,
2030,7557789688.jpg,
2031,11645576844.jpg,
2032,7805554696.jpg,
2033,9216694115.jpg,
2034,5214020596.jpg,
2035,5089903551.jpg,
2036,571873692.jpg,
2037,8858767665.jpg,
2038,540323791.jpg,
2039,4820272692.jpg,
2040,5581797913.jpg,
2041,5461878823.jpg,
2042,8474673006.jpg,
2043,6831387586.jpg,
2044,6189871016.jpg,
2045,1594279840.jpg,
2046,2526385070.jpg,
2047,5534246982.jpg,
2048,4417859336.jpg,
2049,9835842583.jpg,
2050,5590469313.jpg,
2051,9008867398.jpg,
2052,4615821589.jpg,
2053,10135493734.jpg,
2054,4861023057.jpg,
2055,3398726774.jpg,
2056,8642356924.jpg,
2057,8759415936.jpg,
2058,6287373097.jpg,
2059,6061957690.jpg,
2060,3922398702.jpg,
2061,7280779100.jpg,
2062,3625819232.jpg,
2063,5673302827.jpg,
2064,3010478583.jpg,
2065,3786430773.jpg,
2066,6361529777.jpg,
2067,7186971904.jpg,
2068,3015194102.jpg,
2069,13154299234.jpg,
2070,6995122899.jpg,
2071,3445929495.jpg,
2072,4393195326.jpg,
2073,2789278098.jpg,
2074,6017487676.jpg,
2075,6801874577.jpg,
2076,3052882649.jpg,
2077,5083741678.jpg,
2078,6280338958.jpg,
2079,7389171128.jpg,
2080,9359119011.jpg,
2081,141735913.jpg,
2082,7185963139.jpg,
2083,2004772549.jpg,
2084,2322999871.jpg,
2085,9232817964.jpg,
2086,10674361853.jpg,
2087,7808421746.jpg,
2088,13981887726.jpg,
2089,3600454715.jpg,
2090,2138514338.jpg,
2091,2623421324.jpg,
2092,4245584840.jpg,
2093,13200316494.jpg,
2094,2498375715.jpg,
2095,2830634498.jpg,
2096,9250281144.jpg,
2097,10647448093.jpg,
2098,4349295488.jpg,
2099,4642199948.jpg,
2100,2193953277.jpg,
2101,8426767828.jpg,
2102,4649365193.jpg,
2103,4975538956.jpg,
2104,5434435230.jpg,
2105,3540264911.jpg,
2106,5935660692.jpg,
2107,4935592901.jpg,
2108,5752738710.jpg,
2109,6033775640.jpg,
2110,3887798241.jpg,
2111,7304618908.jpg,
2112,8626323476.jpg,
2113,5372596670.jpg,
2114,7355684548.jpg,
2115,5092774784.jpg,
2116,8200072670.jpg,
2117,4039105989.jpg,
2118,11041410715.jpg,
2119,5993448674.jpg,
2120,2887011215.jpg,
2121,6746692487.jpg,
2122,3547580857.jpg,
2123,3546930820.jpg,
2124,8015434057.jpg,
2125,3337750981.jpg,
2126,3498359978.jpg,
2127,10034213766.jpg,
2128,6186110942.jpg,
2129,13753433255.jpg,
2130,6843255355.jpg,
2131,5743728295.jpg,
2132,3529551820.jpg,
2133,3300132851.jpg,
2134,12654241324.jpg,
2135,4726231685.jpg,
2136,7707203616.jpg,
2137,3129533599.jpg,
2138,8650051616.jpg,
2139,6730210015.jpg,
2140,6155433977.jpg,
2141,10557058054.jpg,
2142,6918943017.jpg,
2143,6974286041.jpg,
2144,5622798430.jpg,
2145,97512700.jpg,
2146,11125122203.jpg,
2147,6301251463.jpg,
2148,5292540094.jpg,
2149,5420986936.jpg,
2150,6847396428.jpg,
2151,3451415242.jpg,
2152,4634183435.jpg,
2153,565519767.jpg,
2154,9117805239.jpg,
2155,2446360338.jpg,
2156,5177878695.jpg,
2157,2950918491.jpg,
2158,8258109546.jpg,
2159,10425144806.jpg,
2160,13015559824.jpg,
2161,9546733823.jpg,
2162,10286226576.jpg,
2163,7948857510.jpg,
2164,8716238426.jpg,
2165,3963519703.jpg,
2166,8719317254.jpg,
2167,2704842470.jpg,
2168,4105384208.jpg,
2169,9317551405.jpg,
2170,11729127153.jpg,
2171,5347221257.jpg,
2172,3385947273.jpg,
2173,4718871884.jpg,
2174,7012457729.jpg,
2175,8498234706.jpg,
2176,4984768063.jpg,
2177,10666582604.jpg,
2178,6518362779.jpg,
2179,8023160217.jpg,
2180,5673972124.jpg,
2181,9883370886.jpg,
2182,7089111725.jpg,
2183,218161683.jpg,
2184,3602410303.jpg,
2185,4356979591.jpg,
2186,4959748239.jpg,
2187,2695557257.jpg,
2188,5653220171.jpg,
2189,7578934684.jpg,
2190,4575331333.jpg,
2191,8134320161.jpg,
2192,8690907526.jpg,
2193,8127893327.jpg,
2194,6860474752.jpg,
2195,3721487912.jpg,
2196,5289438185.jpg,
2197,5285117736.jpg,
2198,5343703091.jpg,
2199,11307967295.jpg,
2200,289685569.jpg,
2201,9352235220.jpg,
2202,8139680651.jpg,
2203,6621410399.jpg,
2204,8200189819.jpg,
2205,7379518902.jpg,
2206,5179772230.jpg,
2207,5538346539.jpg,
2208,5726363714.jpg,
2209,3184290635.jpg,
2210,6543792655.jpg,
2211,3581935013.jpg,
2212,463348928.jpg,
2213,5536413595.jpg,
2214,229502948.jpg,
2215,9162576596.jpg,
2216,6215917710.jpg,
2217,5952473770.jpg,
2218,2994254261.jpg,
2219,8498274135.jpg,
2220,3298251016.jpg,
2221,6156156849.jpg,
2222,8197561054.jpg,
2223,8016694085.jpg,
2224,5612350259.jpg,
2225,6438673471.jpg,
2226,5609042841.jpg,
2227,4409985788.jpg,
2228,6783667533.jpg,
2229,2698402902.jpg,
2230,3830105632.jpg,
2231,8719397131.jpg,
2232,4146999366.jpg,
2233,5111304383.jpg,
2234,8726666775.jpg,
2235,11308120333.jpg,
2236,5686046730.jpg,
2237,13862786315.jpg,
2238,5249882772.jpg,
2239,514188850.jpg,
2240,2452575802.jpg,
2241,6193684856.jpg,
2242,9281319591.jpg,
2243,13979394872.jpg,
2244,4676930451.jpg,
2245,8180872913.jpg,
2246,2094015084.jpg,
2247,9341610179.jpg,
2248,6329764640.jpg,
2249,7769217272.jpg,
2250,5697642702.jpg,
2251,3518135907.jpg,
2252,9642815165.jpg,
2253,5807713058.jpg,
2254,9242784965.jpg,
2255,6181913517.jpg,
2256,4686307274.jpg,
2257,4333959296.jpg,
2258,3388387532.jpg,
2259,2830853027.jpg,
2260,4514909176.jpg,
2261,3927787593.jpg,
2262,3201709272.jpg,
2263,4918779993.jpg,
2264,2844750869.jpg,
2265,7680820176.jpg,
2266,8402494254.jpg,
2267,8081025619.jpg,
2268,4232309518.jpg,
2269,6748178623.jpg,
2270,4630828927.jpg,
2271,9854548466.jpg,
2272,6891469098.jpg,
2273,6519925269.jpg,
2274,8416586724.jpg,
2275,944858161.jpg,
2276,9968557793.jpg,
2277,2788861769.jpg,
2278,9010158950.jpg,
2279,2336543667.jpg,
2280,5106602069.jpg,
2281,3411014710.jpg,
2282,5737998743.jpg,
2283,4256300163.jpg,
2284,2798126146.jpg,
2285,5476069778.jpg,
2286,11340709986.jpg,
2287,9386104200.jpg,
2288,9293634022.jpg,
2289,8222311005.jpg,
2290,5465764498.jpg,
2291,4783514973.jpg,
2292,3113707767.jpg,
2293,5112181517.jpg,
2294,2414043132.jpg,
2295,4236605634.jpg,
2296,6912044570.jpg,
2297,4572998878.jpg,
2298,3870130541.jpg,
2299,195142831.jpg,
2300,3306467445.jpg,
2301,6814714607.jpg,
2302,2344123546.jpg,
2303,7067695863.jpg,
2304,2464662883.jpg,
2305,1150005782.jpg,
2306,2890794930.jpg,
2307,319432800.jpg,
2308,8101730351.jpg,
2309,2483252880.jpg,
2310,9232118743.jpg,
2311,2702196273.jpg,
2312,932971154.jpg,
2313,3151385397.jpg,
2314,8068765400.jpg,
2315,5366840325.jpg,
2316,3175913111.jpg,
2317,8292001517.jpg,
2318,9573856661.jpg,
2319,8313004680.jpg,
2320,2594029588.jpg,
2321,8376164819.jpg,
2322,5296029128.jpg,
2323,3728079534.jpg,
2324,5668866915.jpg,
2325,3014424511.jpg,
2326,5470200185.jpg,
2327,8063920174.jpg,
2328,9635395807.jpg,
2329,4688632758.jpg,
2330,8614868757.jpg,
2331,7249801860.jpg,
2332,6325257789.jpg,
2333,8287501567.jpg,
2334,316748988.jpg,
2335,6987170124.jpg,
2336,3805498267.jpg,
2337,6816055512.jpg,
2338,4929298332.jpg,
2339,3716232749.jpg,
2340,1476458555.jpg,
2341,5026818367.jpg,
2342,8473016485.jpg,
2343,2781776849.jpg,
2344,2899780516.jpg,
2345,6202405767.jpg,
2346,3581709275.jpg,
2347,5482012321.jpg,
2348,2297957412.jpg,
2349,8350306270.jpg,
2350,4125080709.jpg,
2351,6575594273.jpg,
2352,5384763398.jpg,
2353,7927019126.jpg,
2354,3826873209.jpg,
2355,5485675608.jpg,
2356,3869540465.jpg,
2357,3461827525.jpg,
2358,7231686010.jpg,
2359,7837223214.jpg,
2360,8097642483.jpg,
2361,11156373134.jpg,
2362,5997117252.jpg,
2363,11934225586.jpg,
2364,2993869175.jpg,
2365,1184148743.jpg,
2366,206355906.jpg,
2367,3795601422.jpg,
2368,2056168502.jpg,
2369,5284442545.jpg,
2370,9313407743.jpg,
2371,2754274725.jpg,
2372,8626268731.jpg,
2373,8192322308.jpg,
2374,4350999447.jpg,
2375,6919870883.jpg,
2376,13953342555.jpg,
2377,3080703702.jpg,
2378,9099666459.jpg,
2379,8671660514.jpg,
2380,3399721114.jpg,
2381,2233556762.jpg,
2382,6915990491.jpg,
2383,7544145338.jpg,
2384,2741148211.jpg,
2385,6994060964.jpg,
2386,5790701364.jpg,
2387,3578723479.jpg,
2388,6807658935.jpg,
2389,5941125958.jpg,
2390,4352727903.jpg,
2391,6178176860.jpg,
2392,5626791110.jpg,
2393,7756247770.jpg,
2394,8405172349.jpg,
2395,7005455700.jpg,
2396,7544055936.jpg,
2397,1357812635.jpg,
2398,6148238788.jpg,
2399,3886185352.jpg,
2400,5215526343.jpg,
2401,3096391177.jpg,
2402,6861744928.jpg,
2403,9655100677.jpg,
2404,3467314706.jpg,
2405,5548423806.jpg,
2406,6077552058.jpg,
2407,4268610979.jpg,
2408,5253853924.jpg,
2409,6070147188.jpg,
2410,9152412013.jpg,
2411,3164462954.jpg,
2412,7328700422.jpg,
2413,6016550394.jpg,
2414,3306632750.jpg,
2415,3846928992.jpg,
2416,7832592112.jpg,
2417,4975224669.jpg,
2418,4582430040.jpg,
2419,10300709926.jpg,
2420,2242259168.jpg,
2421,8867116252.jpg,
2422,5923900530.jpg,
2423,5202715329.jpg,
2424,3970476970.jpg,
2425,9431952251.jpg,
2426,3062498852.jpg,
2427,9150076641.jpg,
2428,9948626195.jpg,
2429,4856891360.jpg,
2430,6555021885.jpg,
2431,5854167794.jpg,
2432,8996095447.jpg,
2433,2234450001.jpg,
2434,7010047153.jpg,
2435,8295244893.jpg,
2436,8244883940.jpg,
2437,6524964427.jpg,
2438,2778645137.jpg,
2439,5721245779.jpg,
2440,8132764680.jpg,
2441,6990618550.jpg,
2442,5364272251.jpg,
2443,2169824208.jpg,
2444,5825797758.jpg,
2445,3037598125.jpg,
2446,4689929266.jpg,
2447,7530339446.jpg,
2448,6327114677.jpg,
2449,5511575021.jpg,
2450,6719281123.jpg,
2451,3322694990.jpg,
2452,13445233754.jpg,
2453,3108954838.jpg,
2454,10088248896.jpg,
2455,4610589702.jpg,
2456,4390025556.jpg,
2457,5072175944.jpg,
2458,11423740823.jpg,
2459,9468464923.jpg,
2460,8548430570.jpg,
2461,6285000930.jpg,
2462,7701641746.jpg,
2463,8373884622.jpg,
2464,7130802725.jpg,
2465,1195771989.jpg,
2466,7388947506.jpg,
2467,796126334.jpg,
2468,6212389026.jpg,
2469,3852951128.jpg,
2470,9560329818.jpg,
2471,3448383855.jpg,
2472,5171521029.jpg,
2473,8389307329.jpg,
2474,127006007.jpg,
2475,4994013589.jpg,
2476,4693667877.jpg,
2477,4389975333.jpg,
2478,4802820110.jpg,
2479,13388934313.jpg,
2480,6903083158.jpg,
2481,7016083507.jpg,
2482,4761360192.jpg,
2483,3928840670.jpg,
2484,4065949198.jpg,
2485,6274189246.jpg,
2486,5131621775.jpg,
2487,6737347497.jpg,
2488,5027379465.jpg,
2489,2641081042.jpg,
2490,7153846207.jpg,
2491,5677649736.jpg,
2492,3879157630.jpg,
2493,5799240770.jpg,
2494,13324525693.jpg,
2495,9072399538.jpg,
2496,9430932458.jpg,
2497,3402422559.jpg,
2498,3582377838.jpg,
2499,12614242463.jpg,
2500,4716134008.jpg,
2501,8730772571.jpg,
2502,8095934402.jpg,
2503,3141231450.jpg,
2504,13519417935.jpg,
2505,10466338064.jpg,
2506,4469543180.jpg,
2507,3594185466.jpg,
2508,5943125503.jpg,
2509,2056254108.jpg,
2510,6227611498.jpg,
2511,5480016313.jpg,
2512,4191450369.jpg,
2513,4080266973.jpg,
2514,5564641547.jpg,
2515,4772737107.jpg,
2516,3049826993.jpg,
2517,8550280937.jpg,
2518,3982934904.jpg,
2519,3951077494.jpg,
2520,7123455695.jpg,
2521,5979862705.jpg,
2522,8471731009.jpg,
2523,4138415776.jpg,
2524,241248152.jpg,
2525,3534156921.jpg,
2526,6174447591.jpg,
2527,4769838137.jpg,
2528,4786831348.jpg,
2529,2682533892.jpg,
2530,13764283225.jpg,
2531,6228895289.jpg,
2532,2956745554.jpg,
2533,6687626415.jpg,
2534,8791965605.jpg,
2535,2191413492.jpg,
2536,3312338855.jpg,
2537,6893661382.jpg,
2538,11932769964.jpg,
2539,2094118584.jpg,
2540,5469991500.jpg,
2541,6248247338.jpg,
2542,9548733164.jpg,
2543,7680154132.jpg,
2544,4223650712.jpg,
2545,7624774648.jpg,
2546,5511591826.jpg,
2547,10744499306.jpg,
2548,6978069119.jpg,
2549,8438111386.jpg,
2550,13191858764.jpg,
2551,5223971117.jpg,
2552,4196816100.jpg,
2553,4615321626.jpg,
2554,4338770177.jpg,
2555,6280711665.jpg,
2556,7139464669.jpg,
2557,8414359797.jpg,
2558,4389551546.jpg,
2559,9555377780.jpg,
2560,5674892443.jpg,
2561,12699982133.jpg,
2562,3909799496.jpg,
2563,4585535029.jpg,
2564,3905668023.jpg,
2565,6090985849.jpg,
2566,1041980979.jpg,
2567,1108495188.jpg,
2568,9400527571.jpg,
2569,12902149745.jpg,
2570,8236128546.jpg,
2571,6249598006.jpg,
2572,11774188036.jpg,
2573,13429941383.jpg,
2574,9364327437.jpg,
2575,6890923826.jpg,
2576,5886263133.jpg,
2577,4338185170.jpg,
2578,4555227729.jpg,
2579,5095976454.jpg,
2580,5551918599.jpg,
2581,5079452106.jpg,
2582,4300565477.jpg,
2583,5997705197.jpg,
2584,8923641477.jpg,
2585,8015559895.jpg,
2586,2828340801.jpg,
2587,5273705329.jpg,
2588,1251260035.jpg,
2589,6956112267.jpg,
2590,5601959835.jpg,
2591,4243412747.jpg,
2592,2935809422.jpg,
2593,3693603936.jpg,
2594,7641749888.jpg,
2595,3002349255.jpg,
2596,3852312013.jpg,
2597,4796484843.jpg,
2598,6019320131.jpg,
2599,5179576196.jpg,
2600,10662920275.jpg,
2601,5663088443.jpg,
2602,2781350339.jpg,
2603,8383980578.jpg,
2604,3132014983.jpg,
2605,7721578134.jpg,
2606,8419450931.jpg,
2607,2427104501.jpg,
2608,5003636410.jpg,
2609,13352356485.jpg,
2610,5528799870.jpg,
2611,8296935537.jpg,
2612,13907544713.jpg,
2613,5431393309.jpg,
2614,8271249455.jpg,
2615,7570447234.jpg,
2616,2475768407.jpg,
2617,5728333291.jpg,
2618,7956051944.jpg,
2619,3106830959.jpg,
2620,8559416342.jpg,
2621,4668397280.jpg,
2622,7944952188.jpg,
2623,4850973108.jpg,
2624,9653512731.jpg,
2625,6070427729.jpg,
2626,3816488601.jpg,
2627,11375857803.jpg,
2628,3346766747.jpg,
2629,12793094093.jpg,
2630,5099847760.jpg,
2631,5685113657.jpg,
2632,10745738505.jpg,
2633,5013842490.jpg,
2634,3830705088.jpg,
2635,4049524312.jpg,
2636,10831224574.jpg,
2637,5868007757.jpg,
2638,3737904629.jpg,
2639,9090879865.jpg,
2640,6784767834.jpg,
2641,5551483681.jpg,
2642,6750472801.jpg,
2643,3538642204.jpg,
2644,5465421614.jpg,
2645,1801399949.jpg,
2646,2481973828.jpg,
2647,328314221.jpg,
2648,5259590986.jpg,
2649,5228552547.jpg,
2650,2413884286.jpg,
2651,6068490524.jpg,
2652,3889226614.jpg,
2653,12733268155.jpg,
2654,4392679032.jpg,
2655,3823034693.jpg,
2656,7413044200.jpg,
2657,5376673035.jpg,
2658,8084746906.jpg,
2659,5548510439.jpg,
2660,6809515311.jpg,
2661,8713367320.jpg,
2662,7035142327.jpg,
2663,4168061777.jpg,
2664,2442702852.jpg,
2665,314689574.jpg,
2666,2627541699.jpg,
2667,6053374791.jpg,
2668,5501579674.jpg,
2669,8565120737.jpg,
2670,5628690825.jpg,
2671,8997694204.jpg,
2672,3126085444.jpg,
2673,4962010796.jpg,
2674,10209453304.jpg,
2675,2624299512.jpg,
2676,2006838607.jpg,
2677,11748707685.jpg,
2678,8182868735.jpg,
2679,11408152604.jpg,
2680,7995633872.jpg,
2681,5569928062.jpg,
2682,5733800550.jpg,
2683,8802965200.jpg,
2684,8621475548.jpg,
2685,4857253644.jpg,
2686,4029934636.jpg,
2687,5179893750.jpg,
2688,5562314575.jpg,
2689,13734759134.jpg,
2690,2769576763.jpg,
2691,6294881679.jpg,
2692,7263792632.jpg,
2693,6775268716.jpg,
2694,4436578151.jpg,
2695,3545441699.jpg,
2696,9130301294.jpg,
2697,7176166261.jpg,
2698,7783425404.jpg,
2699,12295788973.jpg,
2700,77074506.jpg,
2701,4524815629.jpg,
2702,6243255316.jpg,
2703,2529026512.jpg,
2704,6361380835.jpg,
2705,5703013770.jpg,
2706,9784021071.jpg,
2707,6742795189.jpg,
2708,3700240758.jpg,
2709,4529830482.jpg,
2710,4075694836.jpg,
2711,9345533550.jpg,
2712,8358820898.jpg,
2713,6072669640.jpg,
2714,2806312876.jpg,
2715,5606980511.jpg,
2716,6940407027.jpg,
2717,1064004307.jpg,
2718,6789630416.jpg,
2719,158078339.jpg,
2720,8397165808.jpg,
2721,7103935371.jpg,
2722,64341603.jpg,
2723,409784755.jpg,
2724,2756182249.jpg,
2725,6338685695.jpg,
2726,5205796279.jpg,
2727,11668664266.jpg,
2728,3148940166.jpg,
2729,373557744.jpg,
2730,6496861747.jpg,
2731,7171803750.jpg,
2732,9590972074.jpg,
2733,4724098742.jpg,
2734,7177491509.jpg,
2735,1705013145.jpg,
2736,8309660357.jpg,
2737,8302511102.jpg,
2738,6690731995.jpg,
2739,4458034972.jpg,
2740,8207819388.jpg,
2741,3512738234.jpg,
2742,6336923118.jpg,
2743,2582899267.jpg,
2744,8114393264.jpg,
2745,5653121597.jpg,
2746,4924592256.jpg,
2747,2964321478.jpg,
2748,365864022.jpg,
2749,6831752962.jpg,
2750,2576783429.jpg,
2751,59940103.jpg,
2752,11440245164.jpg,
2753,9076379844.jpg,
2754,8682044042.jpg,
2755,6194441716.jpg,
2756,6453876677.jpg,
2757,5328392033.jpg,
2758,5951789139.jpg,
2759,2816781314.jpg,
2760,193907931.jpg,
2761,7536385196.jpg,
2762,3342179069.jpg,
2763,5172618357.jpg,
2764,3737460690.jpg,
2765,8368731398.jpg,
2766,3621992465.jpg,
2767,7560984302.jpg,
2768,6217372312.jpg,
2769,3889583810.jpg,
2770,4659612993.jpg,
2771,6395870303.jpg,
2772,11424783615.jpg,
2773,5767950864.jpg,
2774,1980694458.jpg,
2775,4750810381.jpg,
2776,3743833662.jpg,
2777,7961719846.jpg,
2778,6122922540.jpg,
2779,7332548548.jpg,
2780,8073622102.jpg,
2781,8401086517.jpg,
2782,3395184791.jpg,
2783,6175484431.jpg,
2784,5854548582.jpg,
2785,9409352285.jpg,
2786,8585194513.jpg,
2787,10964641156.jpg,
2788,4105691359.jpg,
2789,3315579162.jpg,
2790,8480837100.jpg,
2791,9060302907.jpg,
2792,8756296341.jpg,
2793,12007277393.jpg,
2794,8042343438.jpg,
2795,6203548174.jpg,
2796,8106973578.jpg,
2797,10397992083.jpg,
2798,6453915851.jpg,
2799,4663564817.jpg,
2800,8456755398.jpg,
2801,9469805869.jpg,
2802,5173153218.jpg,
2803,468992590.jpg,
2804,3580816739.jpg,
2805,3017502331.jpg,
2806,5653802055.jpg,
2807,3296578426.jpg,
2808,10104595695.jpg,
2809,5872802098.jpg,
2810,2225012553.jpg,
2811,5902738648.jpg,
2812,8469638270.jpg,
2813,5319156305.jpg,
2814,2463623526.jpg,
2815,2565472747.jpg,
2816,13221938215.jpg,
2817,8063230602.jpg,
2818,347483774.jpg,
2819,2757304196.jpg,
2820,7413825334.jpg,
2821,10916131976.jpg,
2822,2666313166.jpg,
2823,5835855654.jpg,
2824,5520507037.jpg,
2825,12772930295.jpg,
2826,3345665455.jpg,
2827,2729672264.jpg,
2828,3022158168.jpg,
2829,7699500192.jpg,
2830,12289367033.jpg,
2831,5165163575.jpg,
2832,5029869899.jpg,
2833,5929751263.jpg,
2834,1509370220.jpg,
2835,7095171373.jpg,
2836,3080062614.jpg,
2837,4423784708.jpg,
2838,6292826.jpg,
2839,4193878004.jpg,
2840,5164275092.jpg,
2841,5583108612.jpg,
2842,11261485353.jpg,
2843,5795908807.jpg,
2844,4109710141.jpg,
2845,5941322069.jpg,
2846,5568746908.jpg,
2847,6859160179.jpg,
2848,7492596274.jpg,
2849,4649838266.jpg,
2850,8161077669.jpg,
2851,3608734852.jpg,
2852,3802854057.jpg,
2853,10096195633.jpg,
2854,4071441416.jpg,
2855,7897639618.jpg,
2856,5272466093.jpg,
2857,6003676942.jpg,
2858,6196538724.jpg,
2859,5265229662.jpg,
2860,909947742.jpg,
2861,885226770.jpg,
2862,5800361108.jpg,
2863,6335057165.jpg,
2864,2870042281.jpg,
2865,9595289368.jpg,
2866,7142182557.jpg,
2867,4618626157.jpg,
2868,6977661211.jpg,
2869,2062901157.jpg,
2870,9375205329.jpg,
2871,6771185501.jpg,
2872,7061845699.jpg,
2873,6941678601.jpg,
2874,9227274467.jpg,
2875,661902697.jpg,
2876,3260774598.jpg,
2877,5199307116.jpg,
2878,5429434167.jpg,
2879,5262191045.jpg,
2880,9327722719.jpg,
2881,612055653.jpg,
2882,3856151314.jpg,
2883,5938538935.jpg,
2884,4855503685.jpg,
2885,4752378690.jpg,
2886,854220375.jpg,
2887,5628614932.jpg,
2888,8455244693.jpg,
2889,2061249534.jpg,
2890,3866879767.jpg,
2891,2090206802.jpg,
2892,2552345279.jpg,
2893,8471778967.jpg,
2894,2737906414.jpg,
2895,5813328154.jpg,
2896,3201984965.jpg,
2897,4604996281.jpg,
2898,2792964771.jpg,
2899,8302301749.jpg,
2900,506162329.jpg,
2901,7240362942.jpg,
2902,8087511155.jpg,
2903,4105314942.jpg,
2904,5870853045.jpg,
2905,8128364650.jpg,
2906,8052380396.jpg,
2907,5754156274.jpg,
2908,5074571526.jpg,
2909,8554007041.jpg,
2910,8045982788.jpg,
2911,7489646730.jpg,
2912,4550070560.jpg,
2913,6245196330.jpg,
2914,3288288923.jpg,
2915,3092147326.jpg,
2916,4548574744.jpg,
2917,2597510331.jpg,
2918,5215973450.jpg,
2919,4046054255.jpg,
2920,5609265861.jpg,
2921,5698949761.jpg,
2922,8113639184.jpg,
2923,3571385746.jpg,
2924,4662476290.jpg,
2925,2764207927.jpg,
2926,6410290183.jpg,
2927,8086749050.jpg,
2928,14007561583.jpg,
2929,3520071802.jpg,
2930,4763171705.jpg,
2931,5562636283.jpg,
2932,4191055624.jpg,
2933,13893729702.jpg,
2934,1401760739.jpg,
2935,4737205492.jpg,
2936,811079806.jpg,
2937,4127110798.jpg,
2938,5472051055.jpg,
2939,5540443108.jpg,
2940,5113566098.jpg,
2941,8715740191.jpg,
2942,12708748323.jpg,
2943,6181965313.jpg,
2944,12735373403.jpg,
2945,7228846562.jpg,
2946,7979113775.jpg,
2947,5955415539.jpg,
2948,2394273712.jpg,
2949,8084276410.jpg,
2950,3433239604.jpg,
2951,8071170869.jpg,
2952,2490240804.jpg,
2953,2334054985.jpg,
2954,9349856297.jpg,
2955,10246771045.jpg,
2956,3571033100.jpg,
2957,3782246180.jpg,
2958,3889493965.jpg,
2959,5820168086.jpg,
2960,6132860928.jpg,
2961,2568540679.jpg,
2962,2902900480.jpg,
2963,6896905201.jpg,
2964,13900213922.jpg,
2965,5672016459.jpg,
2966,4633574973.jpg,
2967,9743882380.jpg,
2968,9273957830.jpg,
2969,10459022813.jpg,
2970,3328847424.jpg,
2971,8461659719.jpg,
2972,8111658934.jpg,
2973,6439491975.jpg,
2974,3481617786.jpg,
2975,5106234121.jpg,
2976,6903783847.jpg,
2977,14017841261.jpg,
2978,1049921616.jpg,
2979,12733524263.jpg,
2980,3498600400.jpg,
2981,2995917864.jpg,
2982,13813877895.jpg,
2983,3806714412.jpg,
2984,3676837862.jpg,
2985,4146193002.jpg,
2986,12369003224.jpg,
2987,4649954569.jpg,
2988,2891722397.jpg,
2989,7143812991.jpg,
2990,2583803277.jpg,
2991,3006285032.jpg,
2992,8768554272.jpg,
2993,4492520519.jpg,
2994,7991249011.jpg,
2995,6949555253.jpg,
2996,8622237897.jpg,
2997,4373767878.jpg,
2998,8018607438.jpg,
2999,3091222678.jpg,
3000,4865617285.jpg,
3001,4254344219.jpg,
3002,5890704938.jpg,
3003,6340732247.jpg,
3004,8216412689.jpg,
3005,8740598428.jpg,
3006,8653356896.jpg,
3007,3779030961.jpg,
3008,438024129.jpg,
3009,1219194152.jpg,
3010,3518017777.jpg,
3011,7317463798.jpg,
3012,1668116260.jpg,
3013,2404373562.jpg,
3014,2301709628.jpg,
3015,210894339.jpg,
3016,7510624928.jpg,
3017,5401003387.jpg,
3018,5054353582.jpg,
3019,4449491855.jpg,
3020,2292797583.jpg,
3021,2732811639.jpg,
3022,5769971331.jpg,
3023,3414768484.jpg,
3024,7827843166.jpg,
3025,7720943956.jpg,
3026,13805056525.jpg,
3027,5782964090.jpg,
3028,864083726.jpg,
3029,5625941281.jpg,
3030,4820837489.jpg,
3031,2433052741.jpg,
3032,8503299100.jpg,
3033,9635370913.jpg,
3034,2373998135.jpg,
3035,5179317696.jpg,
3036,5443093620.jpg,
3037,5044188757.jpg,
3038,7508462230.jpg,
3039,5983655759.jpg,
3040,5210754375.jpg,
3041,4333169643.jpg,
3042,6286762891.jpg,
3043,3021375715.jpg,
3044,3832726616.jpg,
3045,9005980331.jpg,
3046,512886613.jpg,
3047,5937475657.jpg,
3048,8244624887.jpg,
3049,8761132391.jpg,
3050,4263979537.jpg,
3051,3316008005.jpg,
3052,4704273852.jpg,
3053,10644134743.jpg,
3054,4298451284.jpg,
3055,5385319328.jpg,
3056,623013849.jpg,
3057,7264168758.jpg,
3058,9733399100.jpg,
3059,6170773194.jpg,
3060,9348153256.jpg,
3061,8415976114.jpg,
3062,4715695322.jpg,
3063,8118655073.jpg,
3064,5637257237.jpg,
3065,8393521966.jpg,
3066,4186384966.jpg,
3067,8402508659.jpg,
3068,8001619758.jpg,
3069,5812245447.jpg,
3070,13597867313.jpg,
3071,10735218284.jpg,
3072,5780747158.jpg,
3073,4268854270.jpg,
3074,8594572733.jpg,
3075,2113063060.jpg,
3076,9784892402.jpg,
3077,4366605523.jpg,
3078,4710501494.jpg,
3079,6932008510.jpg,
3080,6430097353.jpg,
3081,4906549885.jpg,
3082,2599735063.jpg,
3083,8090671837.jpg,
3084,13731878463.jpg,
3085,9254610963.jpg,
3086,6070040623.jpg,
3087,10887288124.jpg,
3088,2976895917.jpg,
3089,2774464085.jpg,
3090,5779010725.jpg,
3091,6293719298.jpg,
3092,7797471680.jpg,
3093,3025562937.jpg,
3094,4731078606.jpg,
3095,5259613038.jpg,
3096,8486566115.jpg,
3097,6059347516.jpg,
3098,6814783175.jpg,
3099,2042741333.jpg,
3100,3434193744.jpg,
3101,8804526374.jpg,
3102,5711925722.jpg,
3103,9533082744.jpg,
3104,3795532080.jpg,
3105,6908982412.jpg,
3106,3786994484.jpg,
3107,9168567019.jpg,
3108,6272904090.jpg,
3109,7318725536.jpg,
3110,12439917625.jpg,
3111,535164207.jpg,
3112,5270893012.jpg,
3113,6778146246.jpg,
3114,9162514090.jpg,
3115,3285236567.jpg,
3116,5661795591.jpg,
3117,6018676085.jpg,
3118,28292442.jpg,
3119,6099549451.jpg,
3120,5809261360.jpg,
3121,6904684988.jpg,
3122,5177920967.jpg,
3123,10039243763.jpg,
3124,4844697532.jpg,
3125,2901155745.jpg,
3126,6104943900.jpg,
3127,4574501997.jpg,
3128,2730924415.jpg,
3129,2863229758.jpg,
3130,4186510541.jpg,
3131,5368831250.jpg,
3132,4687018018.jpg,
3133,4889964540.jpg,
3134,8130535631.jpg,
3135,6018981766.jpg,
3136,4048030915.jpg,
3137,8642282001.jpg,
3138,5921139789.jpg,
3139,5463631721.jpg,
3140,249587994.jpg,
3141,7759313616.jpg,
3142,3931212911.jpg,
3143,10558976775.jpg,
3144,2664384089.jpg,
3145,5259488883.jpg,
3146,376808198.jpg,
3147,3219817417.jpg,
3148,11768113036.jpg,
3149,5909542175.jpg,
3150,1353801965.jpg,
3151,8590967122.jpg,
3152,3329492816.jpg,
3153,4698062015.jpg,
3154,99242224.jpg,
3155,5040100163.jpg,
3156,4015060088.jpg,
3157,3615319354.jpg,
3158,2895736589.jpg,
3159,6897601597.jpg,
3160,2480921502.jpg,
3161,3115204490.jpg,
3162,2276690267.jpg,
3163,4510711346.jpg,
3164,6209729815.jpg,
3165,6345717036.jpg,
3166,13018413104.jpg,
3167,4176333363.jpg,
3168,2736759157.jpg,
3169,13712188623.jpg,
3170,4672989265.jpg,
3171,2731636253.jpg,
3172,3533096191.jpg,
3173,4267245089.jpg,
3174,461823910.jpg,
3175,3011590647.jpg,
3176,8255025887.jpg,
3177,10580793474.jpg,
3178,13222615154.jpg,
3179,2398155134.jpg,
3180,6020138984.jpg,
3181,2349843362.jpg,
3182,13846833833.jpg,
3183,4623314243.jpg,
3184,13152654134.jpg,
3185,2601024295.jpg,
3186,8617899238.jpg,
3187,909736002.jpg,
3188,5579878005.jpg,
3189,2490272453.jpg,
3190,5561558516.jpg,
3191,3441232158.jpg,
3192,5252114293.jpg,
3193,9114642813.jpg,
3194,5734132659.jpg,
3195,3955701862.jpg,
3196,7544370882.jpg,
3197,2269047206.jpg,
3198,6789552601.jpg,
3199,13723751943.jpg,
3200,8062071325.jpg,
3201,8563442967.jpg,
3202,2370108583.jpg,
3203,9566573973.jpg,
3204,496702130.jpg,
3205,2766660672.jpg,
3206,8580725160.jpg,
3207,5645366543.jpg,
3208,3481432387.jpg,
3209,3013675546.jpg,
3210,2940949687.jpg,
3211,12854804325.jpg,
3212,7978637759.jpg,
3213,8546916044.jpg,
3214,4593427481.jpg,
3215,6226079915.jpg,
3216,2800828861.jpg,
3217,7527152534.jpg,
3218,8236058714.jpg,
3219,7713765976.jpg,
3220,4514979499.jpg,
3221,2224673184.jpg,
3222,5253258650.jpg,
3223,4848322242.jpg,
3224,5552028943.jpg,
3225,3396632918.jpg,
3226,7151575029.jpg,
3227,2255239478.jpg,
3228,8278144161.jpg,
3229,8091989921.jpg,
3230,9511304223.jpg,
3231,8111267893.jpg,
3232,3985803925.jpg,
3233,3187624601.jpg,
3234,3463462139.jpg,
3235,8448701193.jpg,
3236,5477965541.jpg,
3237,13769175295.jpg,
3238,7620118012.jpg,
3239,4828938366.jpg,
3240,2234191849.jpg,
3241,4390873396.jpg,
3242,6376967251.jpg,
3243,5665376097.jpg,
3244,5565910941.jpg,
3245,5180781341.jpg,
3246,9772109366.jpg,
3247,7859308902.jpg,
3248,8073599501.jpg,
3249,8390427886.jpg,
3250,11016735633.jpg,
3251,4821677563.jpg,
3252,4260128859.jpg,
3253,6915540604.jpg,
3254,3804845364.jpg,
3255,4076300060.jpg,
3256,8167779635.jpg,
3257,13775735394.jpg,
3258,2902211566.jpg,
3259,11584102405.jpg,
3260,2204203153.jpg,
3261,7168622745.jpg,
3262,9740533650.jpg,
3263,3223303378.jpg,
3264,3170414780.jpg,
3265,12311837393.jpg,
3266,7273912910.jpg,
3267,4879029473.jpg,
3268,3323397173.jpg,
3269,5204704187.jpg,
3270,14019884323.jpg,
3271,2529956114.jpg,
3272,8461389082.jpg,
3273,13197599363.jpg,
3274,3391950666.jpg,
3275,2164006612.jpg,
3276,5744853737.jpg,
3277,6954290258.jpg,
3278,8041587809.jpg,
3279,9505029123.jpg,
3280,8173899086.jpg,
3281,485991669.jpg,
3282,12415035403.jpg,
3283,8591613754.jpg,
3284,5827130671.jpg,
3285,2652190729.jpg,
3286,2517733186.jpg,
3287,243359346.jpg,
3288,6587602265.jpg,
3289,2056613073.jpg,
3290,5438672974.jpg,
3291,4814470464.jpg,
3292,5863283610.jpg,
3293,4807880541.jpg,
3294,99177393.jpg,
3295,6325727670.jpg,
3296,5486480999.jpg,
3297,4821490180.jpg,
3298,4182389236.jpg,
3299,4185379610.jpg,
3300,7226544124.jpg,
3301,5732347907.jpg,
3302,4377349075.jpg,
3303,4936254472.jpg,
3304,3123779645.jpg,
3305,3127072902.jpg,
3306,5974815038.jpg,
3307,7993753837.jpg,
3308,8709361761.jpg,
3309,9351815247.jpg,
3310,4564848971.jpg,
3311,5509489942.jpg,
3312,6022518177.jpg,
3313,8181423985.jpg,
3314,7137002885.jpg,
3315,6756027611.jpg,
3316,8486716139.jpg,
3317,2081927805.jpg,
3318,7903800798.jpg,
3319,6174549022.jpg,
3320,3861153619.jpg,
3321,8491365089.jpg,
3322,4971951302.jpg,
3323,9648774259.jpg,
3324,12690517124.jpg,
3325,6875708677.jpg,
3326,4217997828.jpg,
3327,8416996996.jpg,
3328,3470696878.jpg,
3329,10095202894.jpg,
3330,3662667509.jpg,
3331,8029565493.jpg,
3332,8253564394.jpg,
3333,5428225532.jpg,
3334,5825101968.jpg,
3335,7508042664.jpg,
3336,10304422024.jpg,
3337,4526305333.jpg,
3338,12429396784.jpg,
3339,7228222032.jpg,
3340,3961547224.jpg,
3341,9112690748.jpg,
3342,7175536309.jpg,
3343,6570624701.jpg,
3344,1350460845.jpg,
3345,6943725796.jpg,
3346,7284870834.jpg,
3347,8213448165.jpg,
3348,2657768833.jpg,
3349,5949976579.jpg,
3350,5260101836.jpg,
3351,2212820126.jpg,
3352,10543498845.jpg,
3353,9411315194.jpg,
3354,5589357278.jpg,
3355,8589447445.jpg,
3356,7852110504.jpg,
3357,8174930098.jpg,
3358,13150330363.jpg,
3359,3393676198.jpg,
3360,5376271001.jpg,
3361,9701536290.jpg,
3362,2636860201.jpg,
3363,3689881503.jpg,
3364,5876233012.jpg,
3365,7572509280.jpg,
3366,5316737243.jpg,
3367,12022358535.jpg,
3368,5008427375.jpg,
3369,181679983.jpg,
3370,4167131073.jpg,
3371,7148495915.jpg,
3372,12247961386.jpg,
3373,4896737076.jpg,
3374,561422839.jpg,
3375,2540939944.jpg,
3376,6464286529.jpg,
3377,5014499468.jpg,
3378,4199993946.jpg,
3379,8058095593.jpg,
3380,8563783199.jpg,
3381,2737861674.jpg,
3382,5783281863.jpg,
3383,11124376326.jpg,
3384,10717657626.jpg,
3385,527870187.jpg,
3386,9969602344.jpg,
3387,2957981431.jpg,
3388,3639449739.jpg,
3389,5743117395.jpg,
3390,5656824925.jpg,
3391,10401922445.jpg,
3392,6129947480.jpg,
3393,5474875411.jpg,
3394,41673772.jpg,
3395,12328264743.jpg,
3396,8843697938.jpg,
3397,8181028979.jpg,
3398,4857233612.jpg,
3399,3655334723.jpg,
3400,5430361099.jpg,
3401,12912780415.jpg,
3402,13521777703.jpg,
3403,7287995278.jpg,
3404,2466223096.jpg,
3405,5528558511.jpg,
3406,6448707003.jpg,
3407,6093815258.jpg,
3408,8988725802.jpg,
3409,10087873066.jpg,
3410,8935325397.jpg,
3411,3712962511.jpg,
3412,8965743155.jpg,
3413,5029597460.jpg,
3414,3093314406.jpg,
3415,7930159888.jpg,
3416,756337163.jpg,
3417,4449171413.jpg,
3418,164961282.jpg,
3419,4758627670.jpg,
3420,2044721414.jpg,
3421,992112800.jpg,
3422,6390825337.jpg,
3423,9518592909.jpg,
3424,4443266826.jpg,
3425,6261011643.jpg,
3426,2567520285.jpg,
3427,4808521008.jpg,
3428,7526476944.jpg,
3429,5836466023.jpg,
3430,8264009534.jpg,
3431,1618827261.jpg,
3432,4524873811.jpg,
3433,4542915080.jpg,
3434,1470213637.jpg,
3435,8403460247.jpg,
3436,12818545833.jpg,
3437,246001842.jpg,
3438,5640596723.jpg,
3439,5845076971.jpg,
3440,4027128344.jpg,
3441,5814167167.jpg,
3442,6893776298.jpg,
3443,7684836702.jpg,
3444,7195097996.jpg,
3445,6822265440.jpg,
3446,4553966075.jpg,
3447,4775877504.jpg,
3448,5694916102.jpg,
3449,4630414608.jpg,
3450,4840323254.jpg,
3451,2626558268.jpg,
3452,3552539992.jpg,
3453,5815041510.jpg,
3454,2442899574.jpg,
3455,4748568275.jpg,
3456,10260624044.jpg,
3457,2053503500.jpg,
3458,7231887990.jpg,
3459,474583496.jpg,
3460,11231145535.jpg,
3461,4744139130.jpg,
3462,6051942983.jpg,
3463,4908911826.jpg,
3464,11091784836.jpg,
3465,3704360916.jpg,
3466,7973957950.jpg,
3467,13916022354.jpg,
3468,6865797612.jpg,
3469,7180850395.jpg,
3470,2091078584.jpg,
3471,6783498486.jpg,
3472,9344719841.jpg,
3473,5516597458.jpg,
3474,8022689153.jpg,
3475,8443451554.jpg,
3476,10242634074.jpg,
3477,2450074736.jpg,
3478,2990512327.jpg,
3479,7998117524.jpg,
3480,8325214723.jpg,
3481,9179343348.jpg,
3482,5382559184.jpg,
3483,6073239056.jpg,
3484,8186987071.jpg,
3485,3977526775.jpg,
3486,4946953487.jpg,
3487,8703620657.jpg,
3488,7837913980.jpg,
3489,9422845058.jpg,
3490,7754718074.jpg,
3491,6183615340.jpg,
3492,7769010326.jpg,
3493,5624978360.jpg,
3494,4693157623.jpg,
3495,6059566888.jpg,
3496,5064253338.jpg,
3497,5180099860.jpg,
3498,8284379607.jpg,
3499,2750471145.jpg,
3500,5955431575.jpg,
3501,3526448594.jpg,
3502,4911120909.jpg,
3503,3364299684.jpg,
3504,5665257981.jpg,
3505,5390648368.jpg,
3506,10173061783.jpg,
3507,6850293.jpg,
3508,5553264935.jpg,
3509,6821319811.jpg,
3510,7445445016.jpg,
3511,1794296613.jpg,
3512,9474999092.jpg,
3513,13036502945.jpg,
3514,3686182690.jpg,
3515,2474812770.jpg,
3516,9419231868.jpg,
3517,11772331254.jpg,
3518,4442527364.jpg,
3519,3414238237.jpg,
3520,5176491505.jpg,
3521,10092016655.jpg,
3522,2528368215.jpg,
3523,2462101858.jpg,
3524,5277355644.jpg,
3525,5343212885.jpg,
3526,5146038793.jpg,
3527,7286650920.jpg,
3528,4891844509.jpg,
3529,6006516090.jpg,
3530,1483848467.jpg,
3531,8895947540.jpg,
3532,4219257518.jpg,
3533,3073389765.jpg,
3534,10945766006.jpg,
3535,4501614453.jpg,
3536,7245352828.jpg,
3537,5497376227.jpg,
3538,7743614652.jpg,
3539,7029385243.jpg,
3540,2848891388.jpg,
3541,2052053410.jpg,
3542,6961556221.jpg,
3543,2077484139.jpg,
3544,8522888335.jpg,
3545,3095071939.jpg,
3546,6993275087.jpg,
3547,7853463862.jpg,
3548,4458624782.jpg,
3549,8750093436.jpg,
3550,5742394961.jpg,
3551,6777722742.jpg,
3552,4990090467.jpg,
3553,4540565608.jpg,
3554,4444896294.jpg,
3555,3893272010.jpg,
3556,12294411284.jpg,
3557,5216595109.jpg,
3558,6958671653.jpg,
3559,7995114402.jpg,
3560,8928919049.jpg,
3561,11894574114.jpg,
3562,6218208500.jpg,
3563,2975184775.jpg,
3564,13156905423.jpg,
3565,7978703060.jpg,
3566,4718925511.jpg,
3567,5461241765.jpg,
3568,2625302730.jpg,
3569,2598193228.jpg,
3570,2906182342.jpg,
3571,5355846891.jpg,
3572,4060855330.jpg,
3573,2956422931.jpg,
3574,260884317.jpg,
3575,5756166409.jpg,
3576,9425692793.jpg,
3577,5725118190.jpg,
3578,3061657029.jpg,
3579,4441179970.jpg,
3580,6050151339.jpg,
3581,5896609884.jpg,
3582,7805715032.jpg,
3583,2959317367.jpg,
3584,8596100202.jpg,
3585,6796621230.jpg,
3586,4487159570.jpg,
3587,2783277956.jpg,
3588,8040575053.jpg,
3589,8588995945.jpg,
3590,5866372087.jpg,
3591,6707881119.jpg,
3592,7285237238.jpg,
3593,4631267811.jpg,
3594,5026907609.jpg,
3595,8494127109.jpg,
3596,5314010496.jpg,
3597,6044151098.jpg,
3598,2578705815.jpg,
3599,6412535227.jpg,
3600,5988227993.jpg,
3601,3690477651.jpg,
3602,5676047434.jpg,
3603,3758715707.jpg,
3604,4508077458.jpg,
3605,3473202072.jpg,
3606,3689713556.jpg,
3607,641154722.jpg,
3608,7962565236.jpg,
3609,6272006842.jpg,
3610,4671759963.jpg,
3611,7066751805.jpg,
3612,9183915650.jpg,
3613,9583739509.jpg,
3614,10924169113.jpg,
3615,4681441105.jpg,
3616,3948060003.jpg,
3617,5345919296.jpg,
3618,13161511704.jpg,
3619,12123914743.jpg,
3620,9504483259.jpg,
3621,3841185844.jpg,
3622,8737719658.jpg,
3623,3309005583.jpg,
3624,5546056222.jpg,
3625,10180769305.jpg,
3626,5533178564.jpg,
3627,2909157113.jpg,
3628,7134312275.jpg,
3629,8326984716.jpg,
3630,4752287397.jpg,
3631,5703344752.jpg,
3632,9198874365.jpg,
3633,5848982530.jpg,
3634,2764520341.jpg,
3635,5086755718.jpg,
3636,7436205940.jpg,
3637,2902900480(1).jpg,
3638,5836446140.jpg,
3639,4366063513.jpg,
3640,8133427933.jpg,
3641,5075830719.jpg,
3642,4070528064.jpg,
3643,6790201476.jpg,
3644,4944760562.jpg,
3645,3401938040.jpg,
3646,11110293423.jpg,
3647,2501170149.jpg,
3648,4504277127.jpg,
3649,8130871474.jpg,
3650,3958435058.jpg,
3651,11693344423.jpg,
3652,8440096785.jpg,
3653,5877432581.jpg,
3654,10875335353.jpg,
3655,4849242149.jpg,
3656,5914557348.jpg,
3657,4804582174.jpg,
3658,5552742965.jpg,
3659,8060735888.jpg,
3660,4338811130.jpg,
3661,5925093769.jpg,
3662,4769639096.jpg,
3663,4650143817.jpg,
3664,12285394434.jpg,
3665,4121599937.jpg,
3666,7913723546.jpg,
3667,2647865284.jpg,
3668,5481961530.jpg,
3669,4744754421.jpg,
3670,4809657725.jpg,
3671,5922645460.jpg,
3672,260430401.jpg,
3673,6289094362.jpg,
3674,2663869507.jpg,
3675,2957551566.jpg,
3676,2705045008.jpg,
3677,8473825653.jpg,
3678,4260532717.jpg,
3679,4423605048.jpg,
3680,425587126.jpg,
3681,6088231240.jpg,
3682,7925056016.jpg,
3683,8425767709.jpg,
3684,8730523691.jpg,
3685,2229243954.jpg,
3686,5595998892.jpg,
3687,5336501375.jpg,
3688,3696869977.jpg,
3689,548157828.jpg,
3690,1456354726.jpg,
3691,7200883436.jpg,
3692,4316065688.jpg,
3693,641173028.jpg,
3694,237717488.jpg,
3695,7402476942.jpg,
3696,2715441368.jpg,
3697,2788661135.jpg,
3698,7000875593.jpg,
3699,3573722852.jpg,
3700,2074563346.jpg,
3701,4159967199.jpg,
3702,3110339194.jpg,
3703,7530390930.jpg,
3704,8645272118.jpg,
3705,2953243633.jpg,
3706,4974178608.jpg,
3707,5571756165.jpg,
3708,1557879041.jpg,
3709,4866250753.jpg,
3710,8433863123.jpg,
3711,12875855873.jpg,
3712,3822497046.jpg,
3713,3644687239.jpg,
3714,7571120338.jpg,
3715,6199618095.jpg,
3716,2417974350.jpg,
3717,4964003605.jpg,
3718,7945788458.jpg,
3719,5843337403.jpg,
3720,4454028627.jpg,
3721,9441102343.jpg,
3722,6812488952.jpg,
3723,638990262.jpg,
3724,9959490804.jpg,
3725,3264626011.jpg,
3726,3676055551.jpg,
3727,4978824437.jpg,
3728,12545448003.jpg,
3729,3030429488.jpg,
3730,5818060509.jpg,
3731,5249924279.jpg,
3732,3166399222.jpg,
3733,7068807869.jpg,
3734,9114652481.jpg,
3735,4145266303.jpg,
3736,2873230160.jpg,
3737,13047264863.jpg,
3738,8481728438.jpg,
3739,7111005721.jpg,
3740,12722206353.jpg,
3741,4891734557.jpg,
3742,13874447454.jpg,
3743,5735237614.jpg,
3744,14004225651.jpg,
3745,4152380936.jpg,
3746,6224455828.jpg,
3747,3270276957.jpg,
3748,4640084936.jpg,
3749,11805292944.jpg,
3750,5455193200.jpg,
3751,9427206185.jpg,
3752,7966432062.jpg,
3753,5426844375.jpg,
3754,4967544014.jpg,
3755,5754752788.jpg,
3756,9653504483.jpg,
3757,196044558.jpg,
3758,2064566497.jpg,
3759,7477429380.jpg,
3760,9661630328.jpg,
3761,3164878513.jpg,
3762,9197811408.jpg,
3763,4805085704.jpg,
3764,1957338024.jpg,
3765,6023375892.jpg,
3766,9593754576.jpg,
3767,2443656152.jpg,
3768,3358307228.jpg,
3769,8938426139.jpg,
3770,2823608235.jpg,
3771,793549635.jpg,
3772,10003206806.jpg,
3773,4151523612.jpg,
3774,12076643476.jpg,
3775,10024082366.jpg,
3776,9368883793.jpg,
3777,5804021175.jpg,
3778,3199319198.jpg,
3779,6081332687.jpg,
3780,6912273902.jpg,
3781,2655588804.jpg,
3782,2868791337.jpg,
3783,6178090349.jpg,
3784,7442914884.jpg,
3785,7086145991.jpg,
3786,2765966267.jpg,
3787,3429144389.jpg,
3788,5025226584.jpg,
3789,5377063928.jpg,
3790,2493434963.jpg,
3791,11443242853.jpg,
3792,8378040697.jpg,
3793,8651032037.jpg,
3794,8413225261.jpg,
3795,7759523660.jpg,
3796,2349850757.jpg,
3797,5701998041.jpg,
3798,7962973752.jpg,
3799,3709314675.jpg,
3800,12370713433.jpg,
3801,3246266542.jpg,
3802,3886283076.jpg,
3803,5149999827.jpg,
3804,6120621920.jpg,
3805,3009173841.jpg,
3806,2360762087.jpg,
3807,6886566655.jpg,
3808,6437363241.jpg,
3809,5200089542.jpg,
3810,11984416586.jpg,
3811,8941605142.jpg,
3812,3876612274.jpg,
3813,3470460868.jpg,
3814,2927445370.jpg,
3815,7203634664.jpg,
3816,3767651914.jpg,
3817,8174096509.jpg,
3818,6666427569.jpg,
3819,340029791.jpg,
3820,8687823797.jpg,
3821,8668896405.jpg,
3822,5434953020.jpg,
3823,5645686547.jpg,
3824,8248709331.jpg,
3825,2047821459.jpg,
3826,6383542043.jpg,
3827,9160434199.jpg,
3828,5171357420.jpg,
3829,13128013445.jpg,
3830,5726166691.jpg,
3831,8582622403.jpg,
3832,9311863323.jpg,
3833,2632108654.jpg,
3834,5680994670.jpg,
3835,2147844654.jpg,
3836,13130456615.jpg,
3837,6930261843.jpg,
3838,8663106297.jpg,
3839,8412573394.jpg,
3840,4442893075.jpg,
3841,3689861901.jpg,
3842,8647928450.jpg,
3843,5663282773.jpg,
3844,8571484994.jpg,
3845,6650095093.jpg,
3846,3741613982.jpg,
3847,13152713384.jpg,
3848,6649495313.jpg,
3849,7275092104.jpg,
3850,13802639345.jpg,
3851,6740400719.jpg,
3852,7716416220.jpg,
3853,7529936728.jpg,
3854,7172859805.jpg,
3855,3276731635.jpg,
3856,4000368079.jpg,
3857,8350413255.jpg,
3858,5909168337.jpg,
3859,6644084029.jpg,
3860,7158230137.jpg,
3861,3201560600.jpg,
3862,5473858623.jpg,
3863,4827448199.jpg,
3864,3288168798.jpg,
3865,8130048067.jpg,
3866,4540552071.jpg,
3867,2212373875.jpg,
3868,10867612325.jpg,
3869,3153263615.jpg,
3870,2325838318.jpg,
3871,6499083997.jpg,
3872,5743519248.jpg,
3873,3762012265.jpg,
3874,9096586050.jpg,
3875,2765285511.jpg,
3876,7077609.jpg,
3877,169867285.jpg,
3878,3610609681.jpg,
3879,10161480566.jpg,
3880,2095096023.jpg,
3881,5503994195.jpg,
3882,3307604196.jpg,
3883,354172384.jpg,
3884,6701309381.jpg,
3885,25935894.jpg,
3886,512988499.jpg,
3887,12366060613.jpg,
3888,4303841732.jpg,
3889,4058644779.jpg,
3890,2773742761.jpg,
3891,4670788753.jpg,
3892,2975495658.jpg,
3893,2740450456.jpg,
3894,4937975485.jpg,
3895,8289564222.jpg,
3896,2946091142.jpg,
3897,3199374349.jpg,
3898,6994208552.jpg,
3899,11660259034.jpg,
3900,9790604816.jpg,
3901,1852690707.jpg,
3902,4675105964.jpg,
3903,8449578941.jpg,
3904,3581531492.jpg,
3905,8106061946.jpg,
3906,5210704901.jpg,
3907,5986769383.jpg,
3908,8175546768.jpg,
3909,4799221458.jpg,
3910,9991199243.jpg,
3911,6093950239.jpg,
3912,2337753762.jpg,
3913,6765305735.jpg,
3914,3836478860.jpg,
3915,2094040610.jpg,
3916,2299224293.jpg,
3917,9767816985.jpg,
3918,9614929180.jpg,
3919,8038100860.jpg,
3920,2368272046.jpg,
3921,299111806.jpg,
3922,9843386083.jpg,
3923,3012254383.jpg,
3924,6055834674.jpg,
3925,7605342540.jpg,
3926,5045412470.jpg,
3927,6308931194.jpg,
3928,5763373041.jpg,
3929,6025983324.jpg,
3930,5752022422.jpg,
3931,3848099811.jpg,
3932,5434819262.jpg,
3933,6727873675.jpg,
3934,4901336429.jpg,
3935,6318333539.jpg,
3936,6429858311.jpg,
3937,8409446965.jpg,
3938,8134391103.jpg,
3939,3912120693.jpg,
3940,8702541847.jpg,
3941,2770506597.jpg,
3942,8283578718.jpg,
3943,8085887834.jpg,
3944,8288362669.jpg,
3945,5194203648.jpg,
3946,8040917880.jpg,
3947,6272830384.jpg,
3948,7939656040.jpg,
3949,6169612725.jpg,
3950,3655719190.jpg,
3951,5609639430.jpg,
3952,5369677962.jpg,
3953,6184387672.jpg,
3954,2802785688.jpg,
3955,9485442237.jpg,
3956,7637677184.jpg,
3957,2525787807.jpg,
3958,2473175246.jpg,
3959,7769850426.jpg,
3960,3048642827.jpg,
3961,2695622032.jpg,
3962,6240428053.jpg,
3963,2726957637.jpg,
3964,8367667857.jpg,
3965,12179301516.jpg,
3966,1388858483.jpg,
3967,5894107324.jpg,
3968,3332279406.jpg,
3969,10087878803.jpg,
3970,8484715358.jpg,
3971,6783436347.jpg,
3972,7994520914.jpg,
3973,3725841660.jpg,
3974,6240381059.jpg,
3975,4949622209.jpg,
3976,7714238460.jpg,
3977,5631201986.jpg,
3978,6765326463.jpg,
3979,2887893983.jpg,
3980,9731879617.jpg,
3981,5755794034.jpg,
3982,6982811527.jpg,
3983,1403061248.jpg,
3984,5568371897.jpg,
3985,4937786528.jpg,
3986,6420610055.jpg,
3987,11252873213.jpg,
3988,8836600522.jpg,
3989,4132303953.jpg,
3990,10240863174.jpg,
3991,9186407414.jpg,
3992,13984960291.jpg,
3993,3188449688.jpg,
3994,6170797304.jpg,
3995,463607324.jpg,
3996,9336323868.jpg,
3997,9568347825.jpg,
3998,4916969136.jpg,
3999,5807387101.jpg,
4000,6458106003.jpg,
4001,2996050255.jpg,
4002,8397024205.jpg,
4003,4666397992.jpg,
4004,500454030.jpg,
4005,7169559416.jpg,
4006,2999038787.jpg,
4007,2997727622.jpg,
4008,6425090213.jpg,
4009,191684963.jpg,
4010,7668486392.jpg,
4011,7730622570.jpg,
4012,10623186856.jpg,
4013,9541525158.jpg,
4014,5960974464.jpg,
4015,8197676842.jpg,
4016,6270776348.jpg,
4017,3159418114.jpg,
4018,7425154108.jpg,
4019,1989512262.jpg,
4020,9415591834.jpg,
4021,6847022564.jpg,
4022,7752218862.jpg,
4023,3053778094.jpg,
4024,3908761921.jpg,
4025,13324793853.jpg,
4026,7181730343.jpg,
4027,2731604083.jpg,
4028,5992071022.jpg,
4029,458253601.jpg,
4030,7283162242.jpg,
4031,10008911015.jpg,
4032,12922766464.jpg,
4033,5947211951.jpg,
4034,4509567625.jpg,
4035,8638370791.jpg,
4036,4863895176.jpg,
4037,4442459079.jpg,
4038,6806514834.jpg,
4039,2416503457.jpg,
4040,8256594790.jpg,
4041,9256717750.jpg,
4042,12227368446.jpg,
4043,4116063624.jpg,
4044,2417103210.jpg,
4045,2497840790.jpg,
4046,3046018982.jpg,
4047,5811588200.jpg,
4048,7928999592.jpg,
4049,4295747985.jpg,
4050,8279192108.jpg,
4051,7992538786.jpg,
4052,2971664261.jpg,
4053,6324386263.jpg,
4054,2926401030.jpg,
4055,5705773651.jpg,
4056,5111309630.jpg,
4057,2458287156.jpg,
4058,4456137580.jpg,
4059,2664395509.jpg,
4060,6808573293.jpg,
4061,8099266343.jpg,
4062,3665676367.jpg,
4063,3906424835.jpg,
4064,4315605506.jpg,
4065,2868731190.jpg,
4066,141559944.jpg,
4067,5545757142.jpg,
4068,13527233663.jpg,
4069,4463983504.jpg,
4070,3843226901.jpg,
4071,3232604116.jpg,
4072,2397482849.jpg,
4073,2969061532.jpg,
4074,2225790036.jpg,
4075,3621185516.jpg,
4076,8164264809.jpg,
4077,2858358687.jpg,
4078,9639091362.jpg,
4079,6008491455.jpg,
4080,3105910588.jpg,
4081,5179908310.jpg,
4082,6033697647.jpg,
4083,8671267837.jpg,
4084,6989072615.jpg,
4085,4448114504.jpg,
4086,3480426118.jpg,
4087,5744418320.jpg,
4088,6020536647.jpg,
4089,2301786634.jpg,
4090,8646416025.jpg,
4091,4706720158.jpg,
4092,9646104996.jpg,
4093,6920118996.jpg,
4094,12715114804.jpg,
4095,6806025598.jpg,
4096,7257612220.jpg,
4097,6842689606.jpg,
4098,3610899300.jpg,
4099,8294815824.jpg,
4100,6819523871.jpg,
4101,5295836223.jpg,
4102,2569331230.jpg,
4103,6376170331.jpg,
4104,9996184886.jpg,
4105,7422123290.jpg,
4106,5882773732.jpg,
4107,8729933741.jpg,
4108,8985581001.jpg,
4109,7671390964.jpg,
4110,7997344380.jpg,
4111,5214722776.jpg,
4112,9820270706.jpg,
4113,13988005001.jpg,
4114,1460386861.jpg,
4115,8486203013.jpg,
4116,13001260475.jpg,
4117,7289030198.jpg,
4118,5354049770.jpg,
4119,5903291013.jpg,
4120,2508775362.jpg,
4121,6592296343.jpg,
4122,3640699318.jpg,
4123,7887236728.jpg,
4124,5554784856.jpg,
4125,5228701089.jpg,
4126,3186051616.jpg,
4127,5377288276.jpg,
4128,5639532893.jpg,
4129,9177350502.jpg,
4130,10977505143.jpg,
4131,3772157397.jpg,
4132,9316493363.jpg,
4133,6986434757.jpg,
4134,3224759045.jpg,
4135,6295278595.jpg,
4136,3193143932.jpg,
4137,3150517671.jpg,
4138,7192911530.jpg,
4139,4771660768.jpg,
4140,1352610054.jpg,
4141,2670014496.jpg,
4142,5123014736.jpg,
4143,8020911025.jpg,
4144,4397112488.jpg,
4145,8102880388.jpg,
4146,6968172336.jpg,
4147,5369229583.jpg,
4148,8091098404.jpg,
4149,7004333961.jpg,
4150,259566032.jpg,
4151,3317838394.jpg,
4152,6986080944.jpg,
4153,2760895723.jpg,
4154,3123314819.jpg,
4155,6816649516.jpg,
4156,5662697925.jpg,
4157,2152165732.jpg,
4158,6077388796.jpg,
4159,9077133885.jpg,
4160,3445170269.jpg,
4161,12253855916.jpg,
4162,8562780685.jpg,
4163,4849840015.jpg,
4164,8762762741.jpg,
4165,5858575765.jpg,
4166,5618933644.jpg,
4167,8515183315.jpg,
4168,3688883897.jpg,
4169,13553573764.jpg,
4170,4751089046.jpg,
4171,184847566.jpg,
4172,2290285769.jpg,
4173,8330407602.jpg,
4174,4534817394.jpg,
4175,3946286902.jpg,
4176,7572872378.jpg,
4177,8520739772.jpg,
4178,5929756387.jpg,
4179,9438481892.jpg,
4180,4527364321.jpg,
4181,7917055232.jpg,
4182,5130801643.jpg,
4183,12382987725.jpg,
4184,6894538299.jpg,
4185,7507137230.jpg,
4186,2878350521.jpg,
4187,3012752514.jpg,
4188,605435276.jpg,
4189,2777739972.jpg,
4190,3792522243.jpg,
4191,12977135085.jpg,
4192,3780672193.jpg,
4193,9590889114.jpg,
4194,5240447300.jpg,
4195,3458013548.jpg,
4196,2926342409.jpg,
4197,8749562416.jpg,
4198,8737297469.jpg,
4199,2708830005.jpg,
4200,5586655690.jpg,
4201,6892871997.jpg,
4202,8888638901.jpg,
4203,9259016085.jpg,
4204,6846375784.jpg,
4205,8616527954.jpg,
4206,9314102427.jpg,
4207,4432365973.jpg,
4208,3925018607.jpg,
4209,3755130861.jpg,
4210,2461696353.jpg,
4211,4805240427.jpg,
4212,7237002074.jpg,
4213,12978615984.jpg,
4214,8529932133.jpg,
4215,5727544850.jpg,
4216,8509037092.jpg,
4217,4108588560.jpg,
4218,2220843123.jpg,
4219,5803885624.jpg,
4220,3987828610.jpg,
4221,5629348878.jpg,
4222,5065420937.jpg,
4223,2626798795.jpg,
4224,7454149000.jpg,
4225,7770624196.jpg,
4226,7174110648.jpg,
4227,8527391041.jpg,
4228,6097223493.jpg,
4229,4300098998.jpg,
4230,3070628794.jpg,
4231,8317485377.jpg,
4232,5371210955.jpg,
4233,5624732449.jpg,
4234,6098016215.jpg,
4235,6989109675.jpg,
4236,1439911340.jpg,
4237,7658898714.jpg,
4238,7820211180.jpg,
4239,6226299384.jpg,
4240,3104617111.jpg,
4241,3184524968.jpg,
4242,3996525995.jpg,
4243,184879067.jpg,
4244,4834129097.jpg,
4245,5486606339.jpg,
4246,3641518435.jpg,
4247,8596952248.jpg,
4248,2285253238.jpg,
4249,5283307083.jpg,
4250,1415803578.jpg,
4251,9588963220.jpg,
4252,5997985314.jpg,
4253,5973719343.jpg,
4254,5253917535.jpg,
4255,3201713902.jpg,
4256,8235589892.jpg,
4257,9164600173.jpg,
4258,3641623343.jpg,
4259,6517593297.jpg,
4260,3184495347.jpg,
4261,7135008437.jpg,
4262,12120228076.jpg,
4263,3924700448.jpg,
4264,7324561704.jpg,
4265,4622677117.jpg,
4266,3060827371.jpg,
4267,13390245075.jpg,
4268,7298891722.jpg,
4269,2828713011.jpg,
4270,14041661643.jpg,
4271,3725659394.jpg,
4272,7526913510.jpg,
4273,6888281313.jpg,
4274,2540092049.jpg,
4275,13069300583.jpg,
4276,2694655194.jpg,
4277,8181556217.jpg,
4278,2229589557.jpg,
4279,2516355590.jpg,
4280,6073999812.jpg,
4281,5514467699.jpg,
4282,12570425405.jpg,
4283,3127280151.jpg,
4284,7995581984.jpg,
4285,8215916152.jpg,
4286,9196931420.jpg,
4287,11580084243.jpg,
4288,1301281947.jpg,
4289,8446891244.jpg,
4290,6200440829.jpg,
4291,8951440625.jpg,
4292,8611111093.jpg,
4293,7524263504.jpg,
4294,9549460755.jpg,
4295,7793425828.jpg,
4296,6836821953.jpg,
4297,5046382784.jpg,
4298,3544096867.jpg,
4299,6797570711.jpg,
4300,4330344660.jpg,
4301,8467339731.jpg,
4302,5279301838.jpg,
4303,4859913621.jpg,
4304,3612744909.jpg,
4305,4581419127.jpg,
4306,3749128615.jpg,
4307,4655775688.jpg,
4308,9901727943.jpg,
4309,12083546496.jpg,
4310,3897500844.jpg,
4311,7179754898.jpg,
4312,5454611571.jpg,
4313,3830481023.jpg,
4314,3224198865.jpg,
4315,7772681972.jpg,
4316,6600163115.jpg,
4317,5132826487.jpg,
4318,9575731527.jpg,
4319,3948505454.jpg,
4320,4461276733.jpg,
4321,4871462205.jpg,
4322,5873331668.jpg,
4323,10593624805.jpg,
4324,4750085557.jpg,
4325,3515017516.jpg,
4326,7618751562.jpg,
4327,3610546129.jpg,
4328,5179046602.jpg,
4329,8501976655.jpg,
4330,4977680537.jpg,
4331,5541985880.jpg,
4332,6297538963.jpg,
4333,2770817821.jpg,
4334,9012603528.jpg,
4335,3964554396.jpg,
4336,6311753481.jpg,
4337,5525569801.jpg,
4338,9168469121.jpg,
4339,5982428132.jpg,
4340,4372369727.jpg,
4341,4134663298.jpg,
4342,5622524241.jpg,
4343,7468668212.jpg,
4344,435437464.jpg,
4345,215431565.jpg,
4346,6336173875.jpg,
4347,3513196147.jpg,
4348,3211510011.jpg,
4349,3706234871.jpg,
4350,6118609892.jpg,
4351,2342552483.jpg,
4352,7451637944.jpg,
4353,5854093667.jpg,
4354,2496107560.jpg,
4355,4451242329.jpg,
4356,5037026515.jpg,
4357,8758077626.jpg,
4358,8638121613.jpg,
4359,8130460527.jpg,
4360,8091919028.jpg,
4361,3027957089.jpg,
4362,6358527369.jpg,
4363,7863297796.jpg,
4364,10822450044.jpg,
4365,2814349186.jpg,
4366,6801825395.jpg,
4367,4942329355.jpg,
4368,2065997096.jpg,
4369,2526575788.jpg,
4370,4909272937.jpg,
4371,7983462902.jpg,
4372,4476898144.jpg,
4373,417572119.jpg,
4374,12624585124.jpg,
4375,3550936920.jpg,
4376,6895263676.jpg,
4377,7085701389.jpg,
4378,9590206803.jpg,
4379,6034768409.jpg,
4380,6415752099.jpg,
4381,7938977430.jpg,
4382,6573840151.jpg,
4383,8100527460.jpg,
4384,5446483053.jpg,
4385,6191232325.jpg,
4386,7552034122.jpg,
4387,2580719887.jpg,
4388,2806006405.jpg,
4389,3714699651.jpg,
4390,3470576599.jpg,
4391,5998045057.jpg,
4392,7885938974.jpg,
4393,2098314512.jpg,
4394,6025002485.jpg,
4395,3354652052.jpg,
4396,9813381076.jpg,
4397,5948645435.jpg,
4398,2208434405.jpg,
4399,4107026981.jpg,
4400,5232317777.jpg,
4401,3089348891.jpg,
4402,4016193550.jpg,
4403,6877985988.jpg,
4404,13181005363.jpg,
4405,2281241280.jpg,
4406,4767353129.jpg,
4407,12229843144.jpg,
4408,2589244273.jpg,
4409,5674303129.jpg,
4410,6698310483.jpg,
4411,5344681936.jpg,
4412,8718274328.jpg,
4413,6356237897.jpg,
4414,8106764691.jpg,
4415,23580251.jpg,
4416,8663023945.jpg,
4417,5759000681.jpg,
4418,8170775663.jpg,
4419,8125666403.jpg,
4420,5658518787.jpg,
4421,4859715714.jpg,
4422,8109494808.jpg,
4423,13181161424.jpg,
4424,13978097925.jpg,
4425,5275207031.jpg,
4426,5908041850.jpg,
4427,7168608694.jpg,
4428,5182672405.jpg,
4429,4145607135.jpg,
4430,6072890868.jpg,
4431,7227286610.jpg,
4432,5133298122.jpg,
4433,3522323462.jpg,
4434,6367970783.jpg,
4435,13308108223.jpg,
4436,7837590194.jpg,
4437,7184601839.jpg,
4438,7752875494.jpg,
4439,9480431788.jpg,
4440,5546152733.jpg,
4441,8709670836.jpg,
4442,5937418183.jpg,
4443,5973729693.jpg,
4444,10321309023.jpg,
4445,3349065582.jpg,
4446,4299227016.jpg,
4447,5693793834.jpg,
4448,6669438787.jpg,
4449,7249793388.jpg,
4450,5916935894.jpg,
4451,3243321991.jpg,
4452,3853963001.jpg,
4453,6274957040.jpg,
4454,6857546680.jpg,
4455,2205503679.jpg,
4456,11227499375.jpg,
4457,505149106.jpg,
4458,8443328579.jpg,
4459,3280585360.jpg,
4460,6962604316.jpg,
4461,7177804060.jpg,
4462,7773020188.jpg,
4463,3811416983.jpg,
4464,7155509891.jpg,
4465,4376279820.jpg,
4466,10410223126.jpg,
4467,13028160415.jpg,
4468,2372479741.jpg,
4469,9607789163.jpg,
4470,2900220995.jpg,
4471,5376627831.jpg,
4472,6275492319.jpg,
4473,8990445618.jpg,
4474,5555921851.jpg,
4475,2797655534.jpg,
4476,7546207752.jpg,
4477,9047721345.jpg,
4478,3741779142.jpg,
4479,3348783001.jpg,
4480,5005834086.jpg,
4481,3667196937.jpg,
4482,50390882.jpg,
4483,8712225510.jpg,
4484,3522773667.jpg,
4485,5569475005.jpg,
4486,8043214943.jpg,
4487,3562751691.jpg,
4488,4140252657.jpg,
4489,8721970851.jpg,
4490,8693763961.jpg,
4491,3209038866.jpg,
4492,3087197111.jpg,
4493,4315580617.jpg,
4494,9351771542.jpg,
4495,2750046730.jpg,
4496,2065382466.jpg,
4497,8737931127.jpg,
4498,8297008436.jpg,
4499,5429833582.jpg,
4500,4957740599.jpg,
4501,3209603301.jpg,
4502,5779632350.jpg,
4503,3992606427.jpg,
4504,8288499309.jpg,
4505,9757136204.jpg,
4506,3427341325.jpg,
4507,3814447686.jpg,
4508,396862099.jpg,
4509,5947183906.jpg,
4510,5271567337.jpg,
4511,8469258448.jpg,
4512,12242414713.jpg,
4513,3115590009.jpg,
4514,6550890455.jpg,
4515,7114408429.jpg,
4516,4130047722.jpg,
4517,4411308499.jpg,
4518,11153163056.jpg,
4519,3701557939.jpg,
4520,2553600852.jpg,
4521,4241431024.jpg,
4522,8560370528.jpg,
4523,10201275523.jpg,
4524,5661028940.jpg,
4525,3355811908.jpg,
4526,8717671018.jpg,
4527,6542603435.jpg,
4528,3978600376.jpg,
4529,5426642656.jpg,
4530,13956871484.jpg,
4531,8268348100.jpg,
4532,6203097431.jpg,
4533,5923624371.jpg,
4534,5941642080.jpg,
4535,8170494545.jpg,
4536,8584141894.jpg,
